,HD-OKÊ!!,
CANTOR,NÚMERO,MÚSICA
10 cc,4920,I'M NOT IN LOVE
10cc,18766,DREADLOCK HOLIDAY
10cc,18940,THE THINGS WE DO FOR LOVE
3 Doors Down,9033,HERE WITHOUT YOU
3 Doors Down,18788,IT'S NOT MY TIME
3 Doors Down,18632,KRIPTONITE
3 Doors Down,18633,WHEN I'M GONE
30 Seconds To Mars,18511,A BEAUTIFUL LIE
30 Seconds To Mars,18589,THE KILL
30 Seconds To Mars,24143,CLOSER TO THE EDGE
3OH!3,24249,DON'T TRUST ME
3OH!3 feat. Katy Perry,24274,STARSTRUKK
4 Non Blondes,9072,WHAT'S UP
5 Seconds of Summer,24001,AMNESIA
50 Cent,18656,CANDY SHOP
50 Cent,18221,IN DA CLUB
50 Cent,18408,P.I.M.P.
A Flock Of Seagulls,24618,I RAN
A Perfect Circle,18222,THE OUTSIDER
A Perfect Circle,18223,WEAK AND POWERLESS
Aaliyah,18224,TRY AGAIN
Aaron Neville,24663,TELL IT LIKE IT IS
ABBA,4877,CHIQUITITA
ABBA,4574,DANCING QUEEN
Abba,18771,GIMME! GIMME! GIMME! (A MAN AFTER MIDNIGHT)
ABBA,9116,I HAVE A DREAM
ABBA,2533,MAMMA MIA
ABBA,4787,THE WINNER TAKES IT ALL
ABC,18478,POISON ARROW
ABC,18812,THE LOOK OF LOVE
AC/DC,5870,BACK IN BLACK
AC/DC,18854,FOR THOSE ABOUT TO ROCK (WE SALUTE YOU)
AC/DC,2606,HIGHWAY TO HELL
AC/DC,18592,THUNDERSTRUCK
AC/DC,18154,YOU SHOOK ME ALL NIGHT LONG
Ace of Base,4857,ALL THAT SHE WANTS
Ace of Base,18831,BEAUTIFUL LIFE
Ace of Base,18848,DON'T TURN AROUND
Ace of Base,9221,HAPPY NATION
Ace of Base,18430,LIFE IS A FLOWER
Ace of Base,18939,THE SIGN
Adele,2603,CHASING PAVEMENTS
Adele,24376,HELLO
Adele,2569,ROLLING IN THE DEEP
Adele,24423,SEND MY LOVE (TO YOUR NEW LOVER)
Adele,24002,SET FIRE TO THE RAIN
Adele,2600,SOMEONE LIKE YOU
Adele,24507,WATER UNDER THE BRIDGE
Adele,24427,WHEN WE WERE YOUNG
Adele,24003,SKYFALL
Adrian Gurvitz,18073,CLASSIC
Aerosmith,4678,AMAZING
Aerosmith,9089,ANGEL
Aerosmith,18532,COME TOGETHER
Aerosmith,4879,CRAZY
Aerosmith,18046,DREAM ON
Aerosmith,18541,FLY AWAY FROM HERE
Aerosmith,4909,I DON'T WANT TO MISS A THING
Aerosmith,18562,LIVING ON THE EDGE
Aerosmith,18903,PINK
Aerosmith,18585,SUNSHINE
Aerosmith,18600,WALK THIS WAY
Afrojack feat. Eva Simmons,24107,TAKE OVER CONTROL
,,Página 1 de 44
,HD-OKÊ!!,
CANTOR,NÚMERO,MÚSICA
A-Ha,18061,HUNTING HIGH AND LOW
A-Ha,18225,STAY ON THESE ROADS
A-Ha,4973,TAKE ON ME
A-Ha,18726,CRYING IN THE RAIN
A-Ha,18814,THE SUN ALWAYS SHINES ON TV
A-Ha,18208,THERE'S NEVER A FOREVER THING
Air Supply,9243,ALL OUT OF LOVE
Air Supply,9105,EVEN THE NIGHTS ARE BETTER
Air Supply,18776,GOODBYE
Air Supply,5911,HERE I AM
Air Supply,18441,I CAN WAIT FOREVER
Air Supply,4935,LOST IN LOVE
Air Supply,18130,MAKING LOVE OUT OF NOTHING AT ALL
Air Supply,9182,THE ONE THAT YOU LOVE
Akon,18835,LONELY
Akon,18703,"SORRY, BLAME IT ON ME"
Akon,24111,DON'T MATTER
Akon ft. Eminem,18701,SMACK THAT
Akon ft. Flo Rida,24115,WHO DAT GIRL
Al Green,18895,LOVE AND HAPPINESS
Al Jarreau,18752,AFTER ALL
Al Jarreau,18649,BOOGIE DOWN
Al Jarreau,5942,MORGING
Al Jarreau,9193,WE'RE IN THIS LOVE TOGETHER
Al Martino,4592,LOVE IS BLUE
Al Martino,18808,SPANISH EYES
Al Stewart,4806,YEAR OF THE CAT
Alan Jackson,9026,EVERYTHING I LOVE
Alan Jackson,9036,I'LL TRY
Alan Jackson,9041,LIVIN' ON LOVE
Alan Jackson,9139,MIDNIGHT IN MONTGOMERY
Alan Parsons Project,18765,DON'T ANSWER ME
Alan Parson's Project,4888,EYE IN THE SKY
Alan Parson's Project,9187,TIME
Alan Walker,24603,FADED
Alanis Morissette,18026,HAND IN MY POCKET
Alanis Morissette,4922,IRONIC
Alanis Morissette,18147,THANK U
Alanis Morissette,2570,THAT I WOULD BE GOOD
Alanis Morissette,18597,UNINVITED
Alanis Morissette,4997,YOU LEARN
Alanis Morissette,4850,YOU OUGHTA KNOW
Alannah Myles,2602,BLACK VELVET
Albert Hammond,9128,IT NEVER RAINS IN SOUTHERN CALIFORNIA
Alejandro Sanz,18755,AMIGA MIA
Alejandro Sanz,4105,CORAZÓN PARTÍO
Alejandro Sanz ft. Shakira,24004,LA TORTURA
Alessia Cara,24428,HERE
Alessia Cara,24525,SCARS TO YOUR BEAUTIFUL
Alesso feat. Tove Lo,24338,HEROES
Alexandra Stan,18467,MR SAXOBEAT
Alice Cooper,18868,HOW YOU GONNA SEE ME NOW
Alice Cooper,2526,I NEVER CRY
Alice Cooper,9144,NO MORE MR. NICE GUY
Alice Cooper,18572,POISON
Alice in Chains,18680,MAN IN THE BOX
Alice in Chains,18957,WOULD
Alicia Keys,4890,FALLIN'
Alicia Keys,18403,IF I AIN'T GOT YOU
Alicia Keys,2568,NO ONE
Alicia Keys,24117,GIRL ON FIRE
Alicia Keys feat. Jay-Z,24250,EMPIRE STATE OF MIND
,,Página 2 de 44
,HD-OKÊ!!,
CANTOR,NÚMERO,MÚSICA
Alien Ant Farm,4966,SMOOTH CRIMINAL
All-4-One,4669,I SWEAR
Alphaville,9245,BIG IN JAPAN
Alphaville,2577,FOREVER YOUNG
Althea N Donna,18820,UPTOWN TOP RANKING
America,9083,A HORSE WITH NO NAME
America,5918,I NEED YOU
America,5935,LONELY PEOPLE
America,2630,SISTER GOLDEN HAIR
America,2558,TIN MAN
America,5997,VENTURA HIGHWAY
Amii Stewart,4929,KNOCK ON WOOD
Amy Winehouse,2541,BACK TO BLACK
Amy Winehouse,2546,LOVE IS A LOSING GAME
Amy Winehouse,5959,REHAB
Amy Winehouse,5985,TEARS DRY ON THEIR OWN
Amy Winehouse,2550,YOU KNOW I'M NO GOOD
Amy Winehouse ft. Mark Ronson,24554,VALERIE
Andrea Bocelli,4150,CON TE PARTIRO
Andrea Bocelli,3675,O SOLE MIO
Andy Gibb,2525,I JUST WANT TO BE YOUR EVERYTHING
Andy Grammer,18770,FRESH EYES
Andy Grammer,18044,"HONEY, I'M GOOD"
Andy Williams,4581,HAWAIIAN WEDDING SONG
Andy Williams,18989,IT'S THE MOST WONDERFUL TIME OF THE YEAR
Andy Williams,4538,LOVE STORY
Andy Williams,4539,MOON RIVER
Andy Williams,4595,MORE
Andy Williams,5988,THE IMPOSSIBLE DREAM
Animals,4623,DON'T LET ME MISUNDERSTOOD
Animals,4552,THE HOUSE OF THE RISING SUN
Anita Baker,9176,SWEET LOVE
Anita Barker,18773,GIVING YOU THE BEST THAT I GOT
Anna Kendrick,24134,"CUPS (PITCH PERFECT ""WHEN I'M GONE"")"
Anne Murray,9238,YOU NEEDED ME
Annie Lennox,4745,"NO MORE ""I LOVE YOU'S"""
Annie Lennox,18419,WHY
Annie Lennox & Al Green,9155,PUT A LITTLE LOVE IN YOUR HEART
Another Level,18462,BE ALONE NO MORE
Another Level,18769,FREAK ME
Anthrax,18529,CAUGHT IN A MOSH
Apache Indian,24591,BOOM SHACK-A-LACK
Aqua,4864,BARBIE GIRL
Aqua,24635,MY OH MY
Arctic Monkeys,24339,DO I WANNA KNOW
Arctic Monkeys,18226,FLUORESCENT ADOLESCENT
Arctic Monkeys,18906,R U MINE
Arctic Monkeys,18228,TEDDY PICKER
Aretha Franklin,4915,I SAY A LITTLE PRAYER
Aretha Franklin,2652,RESPECT
Aretha Franklin,18816,THINK
Ariana Grande,24405,DANGEROUS WOMAN
Ariana Grande,24429,FOCUS
Ariana Grande,24471,GREEDY
Ariana Grande,24457,INTO YOU
Ariana Grande,24064,ONE LAST TIME
Ariana Grande ft. Iggy Azalea,24006,PROBLEM
Ariana Grande ft. Nicki Minaj,24479,SIDE TO SIDE
Ariana Grande ft. The Weeknd,24340,LOVE ME HARDER
Ariana Grande ft. Zedd,24005,BREAK FREE
AronChupa,24065,I'M AN ALBATRAOZ
Ashlee Simpson,18229,PIECES OF ME
,,Página 3 de 44
,HD-OKÊ!!,
CANTOR,NÚMERO,MÚSICA
Asia,18862,HEAT OF THE MOMENT
Asia,2651,ONLY TIME WILL TELL
Atlantic Starr,9004,ALWAYS
Atlantic Starr,24648,SECRET LOVERS
Audioslave,18395,BE YOURSELF
Audioslave,18457,COCHISE
Audioslave,18784,I AM THE HIGHWAY
Audioslave,5932,LIKE A STONE
Aurora,24642,RUNAWAY
Aurora,18877,RUNNING WITH THE WOLVES
Avicii,24305,WAITING FOR LOVE
Avicii,24420,WAKE ME UP
Avicii,24121,HEY BROTHER
Avril Lavigne,5887,COMPLICATED
Avril Lavigne,9022,DON'T TELL ME
Avril Lavigne,18220,HE WASN'T
Avril Lavigne,18779,HERE'S TO NEVER GROWING UP
Avril Lavigne,2612,I'M WITH YOU
Avril Lavigne,18406,MY HAPPY ENDING
Avril Lavigne,2650,MY WORLD
Avril Lavigne,18230,NOBODY'S HOME
Avril Lavigne,5971,SKATER BOY
Avril Lavigne,18414,SMILE
Avril Lavigne,18153,WISH YOU WERE HERE
Avril Lavigne,24123,GIRLFRIEND
Avril Lavigne,24124,HOT
Avril Lavigne,24126,KEEP HOLDING ON
Avril Lavigne,24127,WHAT THE HELL
B. B. King,18047,PAYING THE COST TO BE THE BOSS
B. B. King,18418,THE THRILL IS GONE
B. B. King & Eric Clapton,18802,RIDING WITH THE KING
B. J.Thomas,4546,RAINDROPS KEEP FALLING ON MY HEAD
B. J.Thomas,4761,ROCK AND ROLL LULLABY
B.J. Thomas,18781,HOOKED ON A FEELING
B.o.B. feat. Hayley Williams,24131,AIRPLANES
B.o.B. feat. Rivers Cuomo,24129,MAGIC
Backstreet Boys,4862,AS LONG AS YOU LOVE ME
Backstreet Boys,9102,DROWNING
Backstreet Boys,18104,EVERYBODY (BACKSTREET'S BACK)
Backstreet Boys,18063,I WANT IT THAT WAY
Backstreet Boys,24114,INCOMPLETE
Backstreet Boys,18736,INCONSOLABLE
Backstreet Boys,9140,MORE THAN THAT
Backstreet Boys,4956,QUIT PLAYING GAMES (WITH MY HEART)
Backstreet Boys,18917,SHAPE OF MY HEART
Backstreet Boys,4843,SHOW ME THE MEANING OF BEING LONELY
Backstreet Boys,4976,THE CALL
Backstreet Boys,4989,WE'VE GOT IT GOING ON
Badfinger,18756,BABY BLUE
Badfinger,18659,DAY AFTER DAY
Badfinger,2622,NO MATTER WHAT
Baltimora,9235,TARZAN BOY
Bananarama,18475,REALLY SAYING SOMETHING
Bangles (The),4820,ETERNAL FLAME
Bangles (The),18795,MANIC MONDAY
BangTan Boys (BTS) 방탄소년단,24510,BLOOD SWEAT & TEARS
BangTan Boys (BTS) 방탄소년단,24524,NOT TODAY
Barbra Streisand,9002,ALL I ASK OF YOU
Barbra Streisand,4941,MEMORY
Barbra Streisand,9175,STONEY END
Barbra Streisand,4658,THE WAY WE WERE
Barbra Streisand,4613,WOMAN IN LOVE
,,Página 4 de 44
,HD-OKÊ!!,
CANTOR,NÚMERO,MÚSICA
Barbra Streisand,18383,EVERGREEN
Barbra Streisand & Barry Gibb,9111,GUILTY
Barbra Streisand & Barry Gibb,9195,WHAT KIND OF FOOL
Barbra Streisand & Bryan Adams,18786,I FINALLY FOUND SOMEONE
Barry Manilow,4691,CAN'T SMILE WITHOUT YOU
Barry Manilow,9250,COPACABANA
Barry Manilow,2554,DAYBREAK
Barry Manilow,9104,EVEN NOW
Barry Manilow,2544,I MADE IT THROUGH THE RAIN
Barry Manilow,4719,I WRITE THE SONGS
Barry Manilow,9134,LOOKS LIKE WE MADE IT
Barry Manilow,4736,MANDY
Barry Manilow,18425,MEMORY
Barry Manilow,9049,READY TO TAKE A CHANCE AGAIN
Barry Manilow,4978,THE OLD SONGS
Barry Manilow,9185,THIS ONE'S FOR YOU
Barry White,18759,CAN'T GET ENOUGH OF YOUR LOVE
Barry White,18789,JUST THE WAY YOU ARE
Barry White,18892,LET THE MUSIC PLAY
Barry White,18968,"YOU'RE THE FIRST, THE LAST, MY EVERYTHING"
Basshunter,24132,NOW YOU'RE GONE
Bastille,24493,GOOD GRIEF
Bastille,24133,POMPEII
Bay City Rollers,24594,BYE BYE BABY
Bay City Rollers,4650,SATURDAY NIGHT
Beach Boys,18858,GOD ONLY KNOWS
Beach Boys,4895,GOOD VIBRATION
Beach Boys,4652,SLOOP JOHN B.
Beach Boys,18923,SURFIN' USA
Beach Boys,18958,WOULDN'T IT BE NICE
Beastie Boys,18834,BRASS MONKEY
Beastie Boys,18913,SABOTAGE
Beatles (The),2511,A DAY IN THE LIFE
Beatles (The),4851,A HARD DAY'S NIGHT
Beatles (The),2601,ALL MY LOVING
Beatles (The),5864,ALL YOU NEED IS LOVE
Beatles (The),4563,AND I LOVE HER
Beatles (The),5869,BABY IT'S YOU
Beatles (The),5882,CAN'T BUY ME LOVE
Beatles (The),4507,COME TOGETHER
Beatles (The),4882,DON'T LET ME DOWN
Beatles (The),24601,EIGHT DAYS A WEEK
Beatles (The),24602,ELEANOR RIGBY
Beatles (The),4892,FREE AS A BIRD
Beatles (The),2643,FROM ME TO YOU
Beatles (The),9110,GET BACK
Beatles (The),4628,GIRL
Beatles (The),18865,HELLO GOODBYE
Beatles (The),4518,HELP
Beatles (The),18733,HERE COMES THE SUN
Beatles (The),4714,HEY JUDE
Beatles (The),2608,I CALL YOUR NAME
Beatles (The),5916,I FEEL FINE
Beatles (The),4525,I WANNA HOLD YOUR HAND
Beatles (The),18189,I WANT TO HOLD YOUR HAND
Beatles (The),2645,I'LL BE BACK
Beatles (The),18561,LADY MADONNA
Beatles (The),4534,LET IT BE
Beatles (The),4936,LOVE ME DO
Beatles (The),4739,MICHELLE
Beatles (The),2619,MONEY
Beatles (The),2624,NOWHERE MAN
,,Página 5 de 44
,HD-OKÊ!!,
CANTOR,NÚMERO,MÚSICA
Beatles (The),4644,OBLADI OBLADA
Beatles (The),9149,OH DARLING
Beatles (The),24637,PAPERBACK WRITER
Beatles (The),18997,PENNY LANE
Beatles (The),18916,SGT PEPPER'S LONELY HEART CLUB BAND
Beatles (The),4965,SHE LOVES YOU
Beatles (The),4770,SOMETHING
Beatles (The),18928,THE BALLAD OF JOHN AND YOKO
Beatles (The),4674,THE LONG AND/WINDING ROAD
Beatles (The),9186,TICKET TO RIDE
Beatles (The),4793,TWIST AND SHOUT
Beatles (The),18369,WE CAN WORK IT OUT
Beatles (The),2636,WHEN I'M SIXTY-FOUR
Beatles (The),24579,WHILE MY GUITAR GENTLY WEEPS
Beatles (The),4995,YELLOW SUBMARINE
Beatles (The),4559,YESTERDAY
Beck,18565,LOSER
Becky G,24096,SHOWER
Bee Gees,4511,DON'T FORGET TO REMEMBER
Bee Gees,4708,FIRST OF MAY
Bee Gees,4904,HOW CAN YOU MEND A BROKEN HEART
Bee Gees,4716,HOW DEEP IS YOUR LOVE
Bee Gees,4585,I STARTED A JOKE
Bee Gees,2616,LOVE SO RIGHT
Bee Gees,4737,MASSACHUSETTS
Bee Gees,9045,MORE THAN A WOMAN
Bee Gees,5949,NIGHT FEVER
Bee Gees,4743,NIGHTS ON BROADWAY
Bee Gees,9051,RUN TO ME
Bee Gees,4772,STAYIN' ALIVE
Bee Gees,9069,TO LOVE SOMEBODY
Bee Gees,4791,TOO MUCH HEAVEN
Bee Gees,18945,TRAGEDY
Bee Gees,4665,WORDS
Bee Gees,18965,YOU SHOULD BE DANCING
Ben E. King,18411,STAND BY ME
Ben Harper,5889,DIAMONDS ON THE INSIDE
Berlin,4781,TAKE MY BREATH AWAY
Bertie Higgins,4573,CASABLANCA
Bertie Higgins,24624,KEY LARGO
Bette Midler,4657,THE ROSE
Beyoncé,24341,7-11
Beyoncé,18233,BEST THING I NEVER HAD
Beyoncé,24447,BROKEN HEARTED GIRL
Beyoncé,18231,DEJA VU
Beyoncé,18234,DIVA
Beyoncé,24007,DRUNK IN LOVE
Beyoncé,18235,EGO
Beyoncé,24384,FORMATION
Beyoncé,2524,HALO
Beyoncé,24494,HOLD UP
Beyoncé,2506,IF I WERE A BOY
Beyoncé,18405,IRREPLACEABLE
Beyoncé,18992,LISTEN
Beyoncé,24448,LOVE ON TOP
Beyoncé,5940,ME MYSELF AND I
Beyoncé,5945,NAUGHTY GIRL
Beyoncé,18236,RUN THE WORLD (GIRLS)
Beyoncé,2537,SINGLE LADIES
Beyoncé,24480,SORRY
Beyoncé,2538,SWEET DREAMS
Beyoncé,24008,XO
,,Página 6 de 44
,HD-OKÊ!!,
CANTOR,NÚMERO,MÚSICA
Beyoncé ft. Jay-Z,18237,CRAZY IN LOVE
Beyonce ft. Sean Paul,18232,BABY BOY
Beyoncé ft. Shakira,18001,BEAUTIFUL LIAR
Big & Rich,24009,LOOK AT YOU
Bill Halley & His Comets,4959,ROCK AROUND THE CLOCK
Bill Medley & J.Warnes,9131,I'VE HAD THE TIME OF MY LIFE
Bill Withers,18970,AIN'T NO SUNSHINE
Billie Myers,18432,KISS THE RAIN
Billy Idol,18455,DANCING WITH MYSELF
Billy Idol,9217,EYES WITHOUT A FACE
Billy Idol,18897,MONY MONY
Billy Idol,9231,REBEL YELL
Billy Idol,18924,SWEET SIXTEEN
Billy Idol,18613,WHITE WEDDING
Billy Joel,18646,ALLENTOWN
Billy Joel,4583,HONESTY
Billy Joel,4924,IT'S STILL ROCK 'N' ROLL TO ME
Billy Joel,4928,JUST THE WAY YOU ARE
Billy Joel,4945,MY LIFE
Billy Joel,4601,PIANO MAN
Billy Joel,9275,TELL HER ABOUT IT
Billy Joel,4979,THE RIVER OF DREAMS
Billy Joel,4987,UPTOWN GIRL
Billy Joel,24575,VIENNA
Billy Joel,18952,WE DIDN'T START THE FIRE
Billy Paul,9044,ME AND MRS. JONES
Billy Ray Cyrus,4852,ACHY BREAKY HEART
Billy Swan,4907,I CAN HELP
Björk,18463,BACHELORETTE
Black Eyed Peas,18483,DON'T PHUNK WITH HEART
Black Eyed Peas,2515,I GOTTA FEELING
Black Eyed Peas,18239,MEET ME HALFWAY
Black Eyed Peas,18240,MY HUMPS
Black Eyed Peas,18238,PUMP IT
Black Eyed Peas,18241,THE TIME (DIRTY BIT)
Black Eyed Peas,24136,DON'T STOP THE PARTY
Black Eyed Peas,24138,IMMA BE
Black Sabbath,18002,IRON MAN
Black Sabbath,18139,PARANOID
Black Sabbath,18602,WAR PIGS
Blind Melon,2623,NO RAIN
Blink 182,18085,ALL THE SMALL THINGS
Blink 182,18088,ALWAYS
Blink 182,24409,BORED TO DEATH
Blink 182,18156,I MISS YOU
Blink 182,24557,WHAT'S MY AGE AGAIN
Blondie,4872,CALL ME
Blondie,4899,HEART OF GLASS
Blondie,18427,MARIA
Blondie,18570,ONE WAY OR ANOTHER
Blondie,4981,THE TIDE IS HIGH
Blur,18003,COFFE & TV
Blur,18004,SONG 2
Bob Dylan,18049,BLOWING IN WIND
Bob Dylan,18549,HURRICANE
Bob Dylan,18888,KNOCKIN' ON HEAVEN'S DOOR
Bob Dylan,18050,LIKE A ROLLING STONE
Bob Marley,18526,BUFFALO SOLDIER
Bob Marley,9016,COULD YOU BE LOVED
Bob Marley,18851,EXODUS
Bob Marley,18856,GET UP STAND UP
Bob Marley,4718,I SHOT THE SHERIFF
,,Página 7 de 44
,HD-OKÊ!!,
CANTOR,NÚMERO,MÚSICA
Bob Marley,18886,IRON LION ZION
Bob Marley,5925,JAMMIN'
Bob Marley,5951,NO WOMAN NO CRY
Bob Marley,18901,ONE LOVE
Bob Marley,9050,REDEMPTION SONG
Bob Marley,18922,SUN IS SHINING (REMIX)
Bob Marley,18150,THREE LITTLE BIRDS
Bob Marley,18946,WAITING IN VAIN
Bob Marley & The Wailers,9127,IS THIS LOVE
Bobby Lewis,9278,TOSSIN' AND TURNIN'
Bon Jovi,4858,ALWAYS
Bon Jovi,18723,BED OF ROSES
Bon Jovi,18051,BLAZE OF GLORY
Bon Jovi,18547,HAVE A NICE DAY
Bon Jovi,5922,I'LL BE THERE FOR YOU
Bon Jovi,4923,IT'S MY LIFE
Bon Jovi,4933,LIVIN' ON A PRAYER
Bon Jovi,18567,MIDNIGHT IN CHELSEA
Bon Jovi,18926,THANK YOU FOR LOVING ME
Bon Jovi,24665,THIS AIN'T A LOVE SONG
Bon Jovi,18950,WANTED DEAD OR ALIVE
Bon Jovi,18605,WELCOME TO WHEREVER YOU ARE
Bon Jovi,4996,YOU GIVE LOVE A BAD NAME
Bon Jovi,9163,RUNAWAY
Boney M.,4760,BY THE RIVERS OF BABYLON
Bonnie Tyler,18732,HOLDING OUT FOR A HERO
Bonnie Tyler,9129,IT'S A HEARTACHE
Bonnie Tyler,4985,TOTAL ECLIPSE OF THE HEART
Boston,9230,MORE THAN A FEELING
Boston,18800,PEACE OF MIND
Boston,24585,AMANDA
Boyz II Men,9256,END OF THE ROAD
Boyz II Men,18882,I'LL MAKE LOVE TO YOU
Brad Paisley,24012,RIVER BANK
Brad Paisley ft. Alison Krauss,18955,WHISKEY LULLABY
Bread,4681,AUBREY
Bread,4682,BABY I'M A WANT YOU
Bread,9027,EVERYTHING I OWN
Bread,4521,IF
Bread,18639,JUST WHEN I NEEDED YOU MOST
Bread,4735,MAKE IT WITH YOU
Bread,4783,THE DIARY
Bread,4786,THE GUITAR MAN
Breaking Benjamin,18525,BREATH
Breaking Benjamin,18811,THE DIARY OF JANE
Brian McKnight,4863,BACK AT ONE
Bring Me The Horizon,24449,DROWN
Bring Me The Horizon,24668,THRONE
Britney Spears,24583,3 (THREE)
Britney Spears,4814,BABY ONE MORE TIME
Britney Spears,18242,BREAK THE ICE
Britney Spears,18763,CRAZY (YOU DRIVE ME)
Britney Spears,24320,CRIMINAL
Britney Spears,4881,DON'T LET ME BE THE LAST TO KNOW
Britney Spears,18243,GIMME MORE
Britney Spears,5907,GIVE ME MORE
Britney Spears,24026,I WANNA GO
Britney Spears,18245,IF U SEEK AMY
Britney Spears,18244,I'M A SLAVE 4 YOU
Britney Spears,4951,OOPS! I DID IT AGAIN
Britney Spears,18141,PIECE OF ME
Britney Spears,24547,SOMETIMES
,,Página 8 de 44
,HD-OKÊ!!,
CANTOR,NÚMERO,MÚSICA
Britney Spears,24549,STRONGER
Britney Spears,18247,TIL WORLD ENDS
Britney Spears,24013,CIRCUS
Britney Spears,24014,EVERYTIME
Britney Spears,24015,HOLD IT AGAINST ME
Britney Spears,24016,"I'M NOT A GIRL, NOT YET A WOMAN"
Britney Spears,24017,PERFUME
Britney Spears,24018,RADAR
Britney Spears,24019,TOXIC
Britney Spears,24141,WOMANIZER
Britney Spears ft. G-Eazy,24410,MAKE ME...
Britt Nicole,24030,GOLD
Bruce Dickinson,2656,TEARS OF THE DRAGON
Bruce Springsteen,5877,BORN IN THE USA
Bruce Springsteen,18833,BORN TO RUN
Bruce Springsteen,5888,DANCING IN THE DARK
Bruce Springsteen,18883,I'M ON FIRE
Bruce Springsteen,18560,SECRET GARDEN
Bruce Springsteen,5982,STREETS OF PHILADELPHIA
Bruno Mars,18705,24K MAGIC
Bruno Mars,24022,IT WILL RAIN
Bruno Mars,18738,JUST THE WAY YOU ARE
Bruno Mars,24550,TALKING TO THE MOON
Bruno Mars,24529,THAT'S WHAT I LIKE
Bruno Mars,24028,THE LAZY SONG
Bruno Mars,24422,WHEN I WAS YOUR MAN
Bruno Mars,24421,GORILLA
Bruno Mars,24142,GRENADE
Bruno Mars,24144,LOCKED OUT OF HEAVEN
Bruno Mars,24145,TREASURE
Bryan Adams,4706,(EVERYTHING I DO) I DO IT FOR YOU
Bryan Adams,18421,BACK TO YOU
Bryan Adams,4875,CAN'T STOP THIS THING WE STARTED
Bryan Adams,4898,HAVE YOU EVER REALLY LOVED A WOMAN
Bryan Adams,4713,HEAVEN
Bryan Adams,4755,PLEASE FORGIVE ME
Bryan Adams,18627,STRAIGHT FROM THE HEART
Bryan Adams,18706,SUMMER OF '69
Bryan Adams ft. Melanie C,18954,WHEN YOU'RE GONE
Bryan Adams ft. Sting & Rod Stewart,18052,ALL FOR LOVE
Bryan Ferry,9234,SLAVE TO LOVE
Buddy Holly,9124,I'M LOOKIN' FOR SOMEONE TO LOVE
Bullet For My Valentine,18209,TEARS DON'T FALL
Bush,18626,SWALLOWED
Bush,24625,LETTING THE CABLES SLEEP
Cage The Elephant,18696,SHAKE ME DOWN
Cake,24543,NEVER THERE
Calvin Harris,24522,MY WAY
Calvin Harris,24148,FEEL SO CLOSE
Calvin Harris,24031,SUMMER
Calvin Harris ft. Ellie Goulding,24343,OUTSIDE
Calvin Harris ft. Florence Welch,24150,SWEET NOTHING
Calvin Harris ft. Haim,24328,PRAY TO GOD
Calvin Harris ft. John Newman,24337,BLAME
Calvin Harris ft. Rihanna,24411,THIS IS WHAT YOU CAME FOR
Calvin Harris ft. Ellie Goulding,24198,I NEED YOUR LOVE
Camila Cabello ft. Young Thug,24535,HAVANA
Capital Cities,24321,SAFE AND SOUND
Captain and Tennille,2523,DO THAT TO ME ONE MORE TIME
Captain and Tennille,5939,LOVE WILL KEEP US TOGETHER
Carl Douglas,5930,KUNG FU FIGHTING
Carlos Gardel,8142,LA CUMPARSITA
,,Página 9 de 44
,HD-OKÊ!!,
CANTOR,NÚMERO,MÚSICA
Carly Rae Jepsen,24537,I REALLY LIKE YOU
Carly Rae Jepsen,24152,CALL ME MAYBE
Carly Simon,4695,COMING AROUND AGAIN
Carly Simon,9145,NOBODY DOES IT BETTER
Carly Simon,9077,YOU KNOW WHAT TO DO
Carly Simon,18967,YOU'RE SO VAIN
Carole King,4730,IT'S TOO LATE
Carole King,9171,SO FAR AWAY
Carole King,24680,YOU'VE GOT A FRIEND
Carpenters,9014,CLOSE TO YOU
Carpenters,9115,HURTING EACH OTHER
Carpenters,4914,I NEED TO BE IN LOVE
Carpenters,4728,IT'S GOING TAKE SOME TIME
Carpenters,9133,LET ME BE THE ONE
Carpenters,4752,ONLY YESTERDAY
Carpenters,9156,RAINY DAYS AND MONDAYS
Carpenters,4606,SUPERSTAR
Carpenters,4612,TOP OF THE WORLD
Carpenters,9194,WE'VE ONLY JUST BEGUN
Carpenters,4615,YESTERDAY ONCE MORE
Cascada,24154,EVACUATE THE DANCEFLOOR
Cascada,24155,EVERYTIME WE TOUCH
Cat Stevens,9074,WILD WORLD
Catfish & The Bottlemen,24506,SOUNDCHECK
Ce Ce Peniston,18852,FINALLY
Cecilia Krull,24595,MY LIFE IS GOING ON (LA CASA DE PAPEL)
CeeLo Green,24156,FUCK YOU (EXPLICIT)
Celine Dion,9121,(IF THERE WAS) ANY OTHER WAY
Celine Dion,18512,A NEW DAY HAS COME
Celine Dion,4811,ALL BY MYSELF
Celine Dion,4685,BECAUSE YOU LOVED ME
Celine Dion,9037,I'M ALIVE
Celine Dion,3924,MY HEART WILL GO ON
Celine Dion,18938,THE POWER OF LOVE
Celine Dion,4983,TO LOVE YOU MORE
Celine Dion & Bee Gees,4723,IMMORTALITY
Century,2531,LOVER WHY
Chad Kroeger ft. Josey Scott,18249,HERO
Champaign,18390,HOW 'BOUT US
Charlene,24623,I'VE NEVER BEEN TO BE
Charles And Eddie,9198,WOULD I LIE TO YOU?
Charli XCX,24011,BOOM CLAP
Charli XCX ft. Rita Ora,24345,DOING IT
Charlie Puth,24502,ONE CALL AWAY
Charlie Puth ft. Meghan Trainor,24500,MARVIN GAYE
Charlie Puth ft. Selena Gomez,24484,WE DON'T TALK ANYMORE
Charo,18843,DANCE A LITTLE BIT CLOSER
Cheap Trick,18622,THE FLAME
Cher,4865,BELIEVE
Cher,18881,IF I COULD TURN BACK TIME
Cher,4969,STRONG ENOUGH
Chevelle,18813,THE RED
Chicago,4619,COLOUR MY WORLD
Chicago,9222,HARD FOR ME TO SAY I'M SORRY
Chicago,18447,HARD TO SAY I'M SORRY
Chicago,4631,IF YOU LEAVE NOW
Chicago,4641,MAKE ME SMILE
Chicago,18914,SATURDAY IN THE PARK
Chicago,2560,YOU'RE THE INSPIRATION
Childish Gambino,24666,THIS IS AMERICA
Chordettes,24158,LOLLIPOP
Chordettes,24160,MR. SANDMAN
,,Página 10 de 44
,HD-OKÊ!!,
CANTOR,NÚMERO,MÚSICA
Chris Brown,18713,WALL TO WALL
Chris Brown,18157,YEAH 3X
Chris Brown,24162,WITH YOU
Chris Brown ft. Lil Wayne & French Montana,24032,LOYAL (CLEAN)
Chris Brown ft. T-Pain,18676,KISS KISS
Chris Brown ft. Tyga,24066,AYO
Chris Deburgh,4732,LADY IN RED
Chris Isaak,18250,WICKED GAME
Chris Rea,9028,FOOL (IF YOU THINK IT'S OVER)
Christie,4807,YELLOW RIVER
Christina Aguilera,18251,AIN'T NO OTHER MAN
Christina Aguilera,18396,BEAUTIFUL
Christina Aguilera,18252,CANDY MAN
Christina Aguilera,18399,FIGHTER
Christina Aguilera,4823,GENIE IN A BOTTLE
Christina Aguilera,18401,HURT
Christina Aguilera,4825,I TURN TO YOU
Christina Aguilera,24450,WE REMAIN
Christina Aguilera,24556,WHAT A GIRL WANTS
Christina Aguilera,18098,COME ON OVER BABY (ALL I WANT IS YOU)
Christina Aguilera,24164,YOUR BODY
"Christina Aguilera, Lil' Kim, Mya & Pink",18127,LADY MARMALADE
Christina Perri,24346,A THOUSAND YEARS
Christina Perri,24167,ARMS
Christina Perri,24168,HUMAN
Christina Perri,24169,JAR OF HEARTS
Christopher Cross,4861,ARTHUR'S THEME (BEST THAT YOU CAN DO)
Christopher Cross,18909,RIDE LIKE THE WIND
Christopher Cross,4961,SAILING
Chubby Checker,4533,LET'S TWIST AGAIN
Chubby Checker,9277,THE TWIST
Chuck Berry,4635,JOHNNY B. GOODE
Chuck Berry,18963,YOU NEVER CAN TELL
Chumbawamba,18710,TUBTHUMPING
Ciara,18253,LIKE A BOY
Clean Bandit ft. Jess Glynne,24033,RATHER BE
Clean Bandit ft. Sean Paul & Anne-Marie,24473,ROCKABYE
Cliff Richard,18896,MISTLETOE AND WINE
Cliff Richard,4609,THE YOUNG ONES'
Cliff Richard,9191,WE DON'T TALK ANYMORE
Cobra Starship,24171,YOU MAKE ME FEEL
Colbie Caillat,18158,BRIGHTER THAN THE SUN
Colbie Caillat,18064,I DO
Colbie Caillat,24173,BUBBLY
Colbie Caillat,24174,REALIZE
Cold,18366,NO ONE
Cold,18254,STUPID GIRL
Cold,18005,SUFFOCATE
Coldplay,24430,ADVENTURE OF A LIFETIME
Coldplay,5884,CLOCKS
Coldplay,24514,EVERGLOW
Coldplay,18400,FIX YOU
Coldplay,18007,GOD PUT A SMILE UPON YOUR FACE
Coldplay,18006,HARDEST PART
Coldplay,24377,HYMN FOR HE WEEKEND
Coldplay,18416,IN MY PLACE
Coldplay,24322,MAGIC
Coldplay,24024,PARADISE
Coldplay,18008,SPEED OF SOUND
Coldplay,18417,THE SCIENTIST
Coldplay,18009,TROUBLE
Coldplay,24029,VIVA LA VIDA
,,Página 11 de 44
,HD-OKÊ!!,
CANTOR,NÚMERO,MÚSICA
Coldplay,24034,SKY FULL OF STARS
Coldplay,24176,YELLOW
Coldplay ft. Rihanna,24177,PRINCESS OF CHINA
Cole Swindell,24035,HOPE YOU GET LONELY TONIGHT
Collin Raye,24630,"LOVE, ME"
Collin Raye,18607,WHAT IF JESUS COMES BACK LIKE THAT
Commodores,9214,EASY
Commodores,4610,THREE TIMES A LADY
Coolio ft. L.V.,18664,GANGSTA'S PARADISE
Corinne Bailey Rae,18053,PUT YOUR RECORDS ON
Corona,18474,RHYTHM OF THE NIGHT
Counting Crows,18167,ACCIDENTALLY IN LOVE
Counting Crows,18010,MR. JONES
Cover Girls,2599,WISHING ON A STAR
Crash Test Dummies,4943,MMM MMM MMM MMM
Creed,18867,HIGHER
Creed,18407,MY SACRIFICE
Creed,18197,ONE
Creed,18900,ONE LAST BREATH
Creed,4992,WITH ARMS WIDE OPEN
Creedence Clearwater Revival,4616,BAD MOON RISING
Creedence Clearwater Revival,2553,BORN ON THE BAYOU
Creedence Clearwater Revival,4508,COTTON FIELDS
Creedence Clearwater Revival,18979,DOWN ON THE CORNER
Creedence Clearwater Revival,18855,FORTUNATE SON
Creedence Clearwater Revival,5910,GREEN RIVER
Creedence Clearwater Revival,4580,HAVE YOU EVER SEEN THE RAIN
Creedence Clearwater Revival,2516,I PUT A SPELL ON YOU
Creedence Clearwater Revival,4591,LODI
Creedence Clearwater Revival,18993,LOOKIN' OUT MY BACK DOOR
Creedence Clearwater Revival,4602,PROUD MARY
Creedence Clearwater Revival,5960,RUN THROUGH THE JUNGLE
Creedence Clearwater Revival,4656,SUSIE Q
Creedence Clearwater Revival,4792,TRAVELIN' BAND
Creedence Clearwater Revival,4795,UP AROUND THE BEND
Creedence Clearwater Revival,9073,WHO'LL STOP THE RAIN
Crowded House,9212,DON'T DREAM IT'S OVER
Crystal Gayle,9252,DON'T IT MAKE MY BROWN EYES BLUE
Culture Club,18846,DO YOU REALLY WANT TO HURT ME
Culture Club,5923,IT'S A MIRACLE
Culture Club,5929,KARMA CHAMALEON
Culture Club,18618,TIME (CLOCK OF THE HEART)
Cutting Crew,24582,(I JUST) DIED IN YOUR ARMS
Cutting Crew,18434,I'VE BEEN IN LOVE BEFORE
Cyndi Lauper,9203,ALL THROUGH THE NIGHT
Cyndi Lauper,18043,GIRLS JUST WANT TO HAVE FUN
Cyndi Lauper,18873,I DROVE ALL NIGHT
Cyndi Lauper,2631,THE GOONIES R GOOD ENOUGH
Cyndi Lauper,4789,TIME AFTER TIME
Cyndi Lauper,18148,TRUE COLORS
Cyndi Lauper,2660,WHO LET IN THE RAIN
Cynthia Rhodes,18217,FINDING OUT THE HARD WAY
Daft Punk ft. Pharrell Williams,24180,GET LUCKY
Damian Marley,24673,WELCOME TO JAMROCK
Damien Rice,18929,THE BLOWE'S DAUGHTER
Dan Fogelberg,9265,LONGER
Daniel Powter,2501,BAD DAY
Daryl Hall & Joan Oates,18428,MANEATER
Daryl Hall & John Oates,18113,KISS ON MY LIST
Daryl Hall & John Oates,18908,RICH GIRL
Daryl Hall & John Oates,18962,YOU MAKE MY DREAMS
Dave Matthews Band,18842,CRASH INTO ME
,,Página 12 de 44
,HD-OKÊ!!,
CANTOR,NÚMERO,MÚSICA
Dave Matthews Band,18422,CRUSH
David Bowie,2582,AS THE WORLD FALLS DOWN
David Bowie,18866,HEROES
David Bowie,18584,STARMAN
David Bowie,18188,LET'S DANCE
David Bowie,18173,SORROW
David Foster & Olivia Newton-John,18623,THE BEST OF ME
David Gilmour,18138,RATTLE THAT LOCK
David Guetta ft. Ne-Yo & Akon,24348,PLAY HARD
David Guetta ft. Nicki Minaj,24182,TURN ME ON
David Guetta ft. Nicki Minaj & Afrojack,24313,HEY MAMA
David Guetta ft. Rihanna,24183,WHO'S THAT CHICK
David Guetta ft. Sia,24347,SHE WOLF (FALLING TO PIECES)
David Guetta ft. Sia,18471,TITANIUM
David Guetta ft. Sia & Fetty Wap,24431,BANG MY HEAD
David Lee Roth,9038,JUST A GIGOLO
Dawn Penn,18961,YOU DON'T LOVE ME (NO NO NO)
Debbie Gibson,9029,FOOLISH BEAT
Debbie Gibson,18132,LOST IN YOUR EYES
Debbie Gibson,5954,ONLY IN MY DREAMS
Debby Boone,4849,YOU LIGHT UP MY LIFE
Deep Blue Something,9247,BREAKFAST AT TIFFANY'S
Deep Purple,18840,CHILD IN TIME
Deep Purple,18118,HIGHWAY STAR
Deep Purple,18870,HUSH
Deep Purple,18137,PERFECT STRANGERS
Deep Purple,18011,SMOKE ON THE WATER
Deep Purple,4653,SOLDIER OF FORTUNE
Deftones,18200,CHANGE (IN THE HOUSE OF FLIES)
Delta Goodrem,9009,BORN TO TRY
Demi Lovato,24432,CONFIDENT
Demi Lovato,24433,COOL FOR THE SUMMER
Demi Lovato,18108,GIVE YOUR HEART A BREAK
Demi Lovato,24075,LET IT GO
Demi Lovato,18472,SKYSCRAPER
Demi Lovato,24548,SORRY NOT SORRY
Demi Lovato,24393,STONE COLD
Demi Lovato,24186,HEART ATTACK
Demi Lovato,24036,NEON LIGHTS
Demi Lovato & Cher Lloyd,24188,REALLY DON'T CARE
Demis Roussos,9219,FOREVER AND EVER
Depeche Mode,4878,CONDEMNATION
Depeche Mode,5897,ENJOY THE SILENCE
Depeche Mode,18376,HEAVEN
Depeche Mode,18737,JUST CAN'T GET ENOUGH
Depeche Mode,18255,PERSONAL JESUS
Depeche Mode,18801,PRECIOUS
Depeche Mode,5981,STRANGE LOVE
Depeche Mode,24559,WHERE'S THE REVOLUTION
Desmond Dekker,24622,ISRAELITES
Des'ree,18160,YOU GOTTA BE
Destiny's Child,18131,LOSE MY BREATH
Destiny's Child,18012,SAY MY NAME
Destiny's Child,4971,SURVIVOR
Destiny's Child,18124,INDEPENDENT WOMEN PART I
Dexy's Midnight Runners,18456,COME ON EILLEN
Diana Krall,9020,CRY ME A RIVER
Diana Krall,18935,THE LOOK OF LOVE
Diana Ross,4698,DO YOU KNOW WHERE YOU'RE GOIN' TO
Diana Ross,18404,I'M COMING OUT
Diana Ross,4942,MISSING YOU
Diana Ross,9150,ONE LOVE IN MY LIFE TIME
,,Página 13 de 44
,HD-OKÊ!!,
CANTOR,NÚMERO,MÚSICA
Diana Ross,24574,UPSIDE DOWN
Diana Ross ft. Marvin Gaye,18370,YOU ARE EVERYTHING
Dido,4906,HUNTER
Dido,18423,MY LOVER'S GONE
Dido,4974,THANK YOU
Dido,18060,WHITE FLAG
Dierks Bentley,24037,DRUNK ON A PLANE
Dionne Warwick,18826,ALFIE
Dionne Warwick,4721,I'LL NEVER FALL IN LOVE AGAIN
Dionne Warwick,4975,THAT'S WHAT FRIENDS ARE FOR
Dionne Warwick,18949,WALK ON BY
Dire Straits,5880,BROTHERS IN ARMS
Dire Straits,18912,ROMEO AND JULIET
Dire Straits,18807,SO FAR AWAY
Dire Straits,18013,SULTANS OF SWING
Dire Straits,18256,WALK OF LIFE
Dire Straits,18193,MONEY FOR NOTHING
Disclosure & Sam Smith,24038,LATCH
Disturbed,18643,DOWN WITH THE SICKNESS
Disturbed,18211,STRICKEN
DJ Snake & Lil Jon,24039,TURN DOWN FOR WHAT
DJ Snake ft. Justin Bieber,24472,LET ME LOVE YOU
Dolly Parton,18654,COAT OF MANY COLORS
Dolly Parton,18990,JOLENE
Don McLean,9005,AMERICAN PIE
Donna Summer,18671,HOT STUFF
Donna Summer,18874,I FEEL LOVE
Doobie Brothers,4831,LISTEN TO THE MUSIC
Doobie Brothers,9071,WHAT A FOOL BELIEVE
Doris Day,4545,"QUE SERA, SERA"
Double,4782,THE CAPTAIN OF HER HEART
Double You,18480,PLEASE DON'T GO
Double You,5968,SHE'S BEAUTIFUL
Dr. Dre & Eminem & Skylar Grey,24190,I NEED A DOCTOR
Dr. Hook,9169,SEXY EYES
Dr. Hook,18918,SHARING THE NIGHT TOGETHER
Dr. Hook & The Medicine Show,24674,WHEN YOU'RE LOVE WITH BEAUTIFUL WOMAN
Drake,24515,FAKE LOVE
Drake,24434,HOTLINE BLING
Drake,24192,STARTED FROM BOTTOM
Drake ft. Majid Jordan,24194,HOLD ON WE'RE GOING HOME
Drake ft. Rihanna & Popcaan,24483,TOO GOOD
"Drake ft. The Thronew, Kanye West & Jay-Z",24412,POP STYLE
Drake ft. Wizkid and Kyla,24399,ONE DANCE
Drowning Pool,24195,BODIES
Dua Lipa,18986,IDGAF
Dua Lipa,24544,NEW RULES
Dulce Pontes,6363,CANÇÃO DO MAR
Duran Duran,18257,COME UNDONE
Duran Duran,18672,HUNGRY LIKE THE WOLF
Duran Duran,5952,NOTORIOUS
Duran Duran,18014,ORDINARY WORLD
Duran Duran,18910,RIO
Duran Duran,5965,SAVE A PRAYER
Duran Duran,5857,VIEW TO A KILL
Dustin Lynch,24041,WHERE IT'S AT
DVBBS & Borgeous & Tinie Tempah,24196,TSUNAMI (JUMP)
Eagle-Eye Cherry,24435,SAVE TONIGHT
Eagles,9099,DESPERADO
Eagles,4584,HOTEL CALIFORNIA
Eagles,5938,LOVE WILL KEEP US ALIVE
Eagles,4599,ONE OF THESE NIGHTS
,,Página 14 de 44
,HD-OKÊ!!,
CANTOR,NÚMERO,MÚSICA
Eagles,18925,TAKE IT EASY
Eagles,5987,THE GIRL FROM YESTERDAY
Eagles,2596,WHAT DO I DO WITH MY HEART
"Earth, Wind & Fire",18687,AFTER THE LOVE HAS GONE
"Earth, Wind & Fire",18724,BOOGIE WONDERLAND
"Earth, Wind & Fire",18731,FANTASY
"Earth, Wind & Fire",18745,REASONS
"Earth, Wind & Fire",18631,SEPTEMBER
"Earth, Wind & Fire",18805,SHINING STAR
Echosmith,24042,COOL KIDS
Ed Sheeran,24499,CASTLE ON THE HILL
Ed Sheeran,24043,DON'T
Ed Sheeran,18998,PERFECT
Ed Sheeran,24505,PHOTOGRAPH
Ed Sheeran,24501,SHAPE OF YOU
Ed Sheeran,24350,SING
Ed Sheeran,24351,THINKING OUT LOUD
Ed Sheeran & Rudimental,24081,BLOODSTREAM
Eddie Cochran,18707,SUMMERTIME BLUES
Eddy Grant,18552,I DON'T WANNA DANCE
Edwyn Collins,18466,A GIRL LIKE YOU
Elle King,24436,EX'S & OH'S
Ellie Goulding,24437,ARMY
Ellie Goulding,24349,HOW LONG WILL I LOVE YOU
Ellie Goulding,24481,STILL FALLING FOR YOU
Ellie Goulding,24044,BURN
Ellie Goulding,24330,LOVE ME LIKE YOU DO
Ellie Goulding,24383,ON MY MIND
Elton John,4687,BENNIE AND THE JETS
Elton John,4689,BLUE EYES
Elton John,4817,CAN YOU FEEL THE LOVE TONIGHT
Elton John,4873,CANDLE IN THE WIND
Elton John,4622,CROCODILE ROCK
Elton John,4697,DANIEL
Elton John,4701,DON'T GO BREAKING MY HEART
Elton John,9103,EMPTY GARDEN
Elton John,4710,GOODBYE YELLOW BRICK ROAD
Elton John,5914,I DON'T WANNA GO ON WITH YOU LIKE THAT
Elton John,18377,I GUESS THAT'S THEY CALL IN THE BLUES
Elton John,18884,I'M STILL STANDING
Elton John,5934,LITTLE JEANNIE
Elton John,18199,LUCY IN THE SKY WITH DIAMONDS
Elton John,4744,NIKITA
Elton John,9162,ROCKET MAN
Elton John,4764,SACRIFICE
Elton John,5962,SAD SONGS
Elton John,4768,SKYLINE PIGEON
Elton John,24654,SORRY SEEMS TO BE THE HARDEST WORD
Elton John,24569,STEP INTO CHRISTMAS
Elton John,24571,TINY DANCER
Elton John,9079,YOUR SONG
Elton John & George Michael,4818,DON'T LET THE SUN GO DOWN ON ME
Elvis Costello,4964,SHE
Elvis Presley,18825,A LITTLE LESS CONVERSATION
Elvis Presley,4566,ARE YOU LONESOME TONIGHT
Elvis Presley,18973,BLUE CHRISTMAS
Elvis Presley,4868,BLUE SUEDE SHOES
Elvis Presley,4618,BURNING LOVE
Elvis Presley,4572,CAN'T HELP FALLIN' IN LOVE
Elvis Presley,4700,DON'T BE CRUEL
Elvis Presley,18853,FOOL
Elvis Presley,18125,HOUND DOG
,,Página 15 de 44
,HD-OKÊ!!,
CANTOR,NÚMERO,MÚSICA
Elvis Presley,4632,I REALLY DON'T WANT TO KNOW
Elvis Presley,9126,IN THE GHETTO
Elvis Presley,4524,IT'S NOW OR NEVER
Elvis Presley,18110,JAILHOUSE ROCK
Elvis Presley,4731,KISS ME QUICK
Elvis Presley,4537,LOVE ME TENDER
Elvis Presley,9159,RETURN TO SENDER
Elvis Presley,4778,SURRENDER
Elvis Presley,4779,SUSPICIOUS MINDS
Elvis Presley,9274,TEDDY BEAR
Elvis Presley,4982,THE WONDER OF YOU
Elvis Presley,9188,TOO MUCH
Elvis Presley,18615,TUTTI FRUTTI
Emilia,18969,BIG BIG WORLD
Eminem,18259,LOSE YOURSELF
Eminem,18822,WITHOUT ME
Eminem,24200,ASS LIKE THAT
Eminem,24206,BERZERK
Eminem,24201,LIKE TOY SOLDIERS
Eminem,24202,MOCKING BIRD
Eminem,24204,WHEN I'M GONE
Eminem ft. Dido,18809,STAN
Eminem ft. Rihanna,24207,THE MONSTER
Emma Bunton,18015,WHAT TOOK YOU SO LONG
En Vogue,9253,DON'T LET GO (LOVE)
Engelbert Humperdinck,4603,RELEASE ME
Enrique Iglesias,18017,BE WITH YOU
Enrique Iglesias,18016,I LIKE IT
Enrique Iglesias,18018,TONIGHT (I'M LOVING YOU)
Enrique Iglesias ft. Sean Paul,24046,BAILANDO
Enrique Iglesias ft. Wisin,24413,DUELE EL CORAZÓN
Erasure,9084,A LITTLE RESPECT
Erasure,18972,ALWAYS
Erasure,18739,LOVE TO HATE YOU
Erasure,24653,SOMETIMES
Erasure,5975,STAR
Eric Burdon & The Animals,9165,SAN FRANCISCAN NIGHTS
Eric Carmen,9137,MAKE ME LOSE CONTROL
Eric Clapton,4876,CHANGE THE WORLD
Eric Clapton,9097,COCAINE
Eric Clapton,18019,LAYLA (UNPLUGGED)
Eric Clapton,4637,LET IT GROW
Eric Clapton,18424,MY FATHER'S EYES
Eric Clapton,4608,TEARS IN HEAVEN
Eric Clapton,4614,WONDERFUL TONIGHT
Eros Ramazzotti,20001,COSE DELLA VITA
Eros Ramazzotti,18889,LA COSA MÁS BELLA
Etta James,18722,AT LAST
Etta James,18875,I JUST WANT TO MAKE LOVE TO YOU
Etta James,18735,I'D RATHER GO BLIND
Europe,18527,CARRIE
Europe,18540,FINAL COUNTDOWN
Europe,18930,THE FINAL COUNTDOWN
Eurythmics,18115,HERE COMES THE RAIN AGAIN
Eurythmics,5984,SWEET DREAMS
Eurythmics,9065,THE MIRACLE OF LOVE
Eurythmics,18941,THERE MUST BE NA ANGEL
Eurythmics,18612,WHO'S THAT GIRL
Evanescence,18262,BREATHE NO MORE
Evanescence,5879,BRING ME TO LIFE
Evanescence,5881,CALL ME WHEN YOU'RE SOBER
Evanescence,24491,DISAPPEAR
,,Página 16 de 44
,HD-OKÊ!!,
CANTOR,NÚMERO,MÚSICA
Evanescence,18020,EVERYBODY'S FOOL
Evanescence,5908,GOING UNDER
Evanescence,18261,IMAGINARY
Evanescence,24538,IMPERFECTION
Evanescence,18890,LACRYMOSA
Evanescence,5933,LITHIUM
Evanescence,18067,LOST IN PARADISE
Evanescence,18682,MISSING
Evanescence,18260,MY HEART IS BROKEN
Evanescence,2508,MY IMMORTAL
Evanescence,24523,NEW WAY TO BLEED
Evanescence,18586,SWEET SACRIFICE
Evanescence,18818,TOURNIQUET
Evanescence,18604,WEIGHT OF THE WORLD
Evanescence,18715,WHISPER
Evanescence,18263,YOUR STAR
Everly Brothers,4590,LET IT BE ME
Everything But The Girl,18042,MISSING
Extreme,9046,MORE THAN WORDS
Faith Hill,9208,BREATHE
Faith Hill,24667,THIS KISS
Faith No More,18022,EASY
Faith No More,18023,EPIC
Faith No More,18566,MIDLIFE CRISIS
Fall Out Boy,24660,SUGAR WE'RE GOING DOWN
Fall Out Boy,18625,THANKS FOR THE MEMORIES
Fall Out Boy,24352,CENTURIES
Fall Out Boy,24211,DANCE DANCE
Fall Out Boy,24353,IMMORTALS
Far East Movement,18264,LIKE A G6
Fastball,18635,THE WAY
Fergie,24213,BIG GIRLS DON'T CRY
Fergie,24214,FERGALICIOUS
Fergie,18266,LABELS OR LOVE
Fergie,18265,LONDON BRIDGE
Fergie ft. Ludacris,18544,GLAMOROUS
Fifth Harmony,24561,ANGEL
Fifth Harmony,24010,BOSS
Fifth Harmony,24485,THAT'S MY GIRL
Fifth Harmony ft. Fetty Wap,24462,ALL IN MY HEAD (FLEX)
Fifth Harmony ft. Kid Ink,24040,WORTH IT
Fifth Harmony ft. Ty Dolla Sign,24406,WORK FROM HOME
Five,4819,DON'T WANNA LET YOU GO
Five,18971,EVERYBODY GET UP
Five,18126,KEEP ON MOVIN'
Fleetwood Mac,5894,DREAMS
Fleetwood Mac,18850,EVERYWHERE
Fleetwood Mac,18857,GO YOUR OWN WAY
Fleetwood Mac,9112,GYPSY
Fleetwood Mac,5964,SARA
Flo Rida,24021,GOOD FEELING
Flo Rida,18794,LOW
Flo Rida,24218,TURN AROUND
Flo Rida,24216,WHISTLE
Flo Rida & Jason Derulo,24395,HELLO FRIDAY
Flo Rida & Sage The Gemini & Lookas,18107,G.D.F.R.
Flo Rida ft. David Guetta,24219,CLUB CAN'T HANDLE ME
Flo Rida ft. Kesha,24221,RIGHT ROUND
Flo Rida ft. Sia,24220,WILD ONES
Florence & The Machine,24681,YOU'VE GOT THE LOVE
Florence + The Machine,18761,COSMIC LOVE
Florence + The Machine,18025,DOG DAYS ARE OVER
,,Página 17 de 44
,HD-OKÊ!!,
CANTOR,NÚMERO,MÚSICA
Florence + The Machine,18695,SHAKE IT OUT
Florence + The Machine,24095,WHAT KIND OF MAN
Florence + The Machine (Calvin Harris Remix),24344,SPECTRUM (SAY MY NAME)
Florida Georgia Line,24048,DIRT
Flying Machine,5972,SMILE A LITTLE SMILE FOR ME
Foo Fighters,18516,ALL MY LIFE
Foo Fighters,18521,BEST OF YOU
Foo Fighters,18729,EVERLONG
Foo Fighters,18898,MY HERO
Foo Fighters,18817,THIS IS A CALL
Foo Fighters,18947,WALK
Foo Fighters,18601,WALKING AFTER YOU
Foo Fighters,24224,LEARN TO FLY
Foo Fighters,24354,SOMETHING FROM NOTHING
Foo Fighters,24225,THE PRETENDER
Foreigner,9224,I WANT TO KNOW WHAT LOVE IS
Foreigner,18152,WAITING FOR A GIRL LIKE YOU
Foster the People,24227,PUMPED UP KICKS
Four Aces,4671,LOVE IS A MANY/SPLENDORED THING
Four Tops,5868,BABY I NEED YOUR LOVIN
Four Tops,9157,REACH OUT I'LL BE THERE
Frank Sinatra,9087,ALL THE THINGS YOU ARE
Frank Sinatra,18518,AS TIME GOES BY
Frank Sinatra,9095,BLUE MOON
Frank Sinatra,18839,CHEEK TO CHEEK
Frank Sinatra,18542,FLY ME TO THE MOON
Frank Sinatra,9109,FOR EVERY MAN THERE'S A WOMAN
Frank Sinatra,4722,I'VE GOT YOU UNDER MY SKIN
Frank Sinatra,4670,LET ME TRY AGAIN
Frank Sinatra,4540,MY WAY
Frank Sinatra,4673,"NEW YORK, NEW YORK"
Frank Sinatra,4742,NIGHT AND DAY
Frank Sinatra,4774,STRANGERS IN THE NIGHT
Frank Sinatra & Luther Vandros,9064,THE LADY IS A TRAMP
Frankie Valli,9013,CAN'T TAKE MY EYES OFF YOU
Franz Ferdinand,18100,DO YOU WANT TO
Franz Ferdinand,18027,TAKE ME OUT
Freddie Mercury ft. Montserrat Caballé,18045,HOW CAN I GO ON
Frozen,24229,LOVE IS AN OPEN DOOR
Fun ft. Janelle Monáe,18603,WE ARE YOUNG
Gabrielle Aplin,18445,HOME
Garbage,18028,ONLY HAPPY WHEN IT RAINS
Garbage,18029,PUSH IT
Gary Moore,4968,STILL GOT THE BLUES
Gary Wright,18661,DREAM WEAVER
Gazebo,4912,I LIKE CHOPIN
G-Eazy x Bebe Rexha,24404,"ME, MYSELF & I"
Genesis,24607,FOLLOW YOU FOLLOW ME
George Benson,9259,GIVE ME THE NIGHT
George Benson,4921,IN YOUR EYES
George Ezra,18068,BUDAPEST
George Harrison,18371,MY SWEET LORD
George Michael,4692,CARELESS WHISPERS
George Michael,4889,FAITH
George Michael,9107,FATHER FIGURE
George Michael,5906,FREEDOM
George Michael,18861,HEAL THE PAIN
George Michael,4925,JESUS TO A CHILD
George Michael,9039,KISSING A FOOL
George Michael,9151,ONE MORE TRY
Geri Halliwell,4829,IT'S RAINING MEN
Geri Halliwell,18678,LOOK AT ME
,,Página 18 de 44
,HD-OKÊ!!,
CANTOR,NÚMERO,MÚSICA
Gerry Rafferty,9094,BAKER STREET
Gigliola Cinquetti,7014,DIO COME TI AMO
Gilbert O'Sullivan,4677,ALONE AGAIN
Gino Vanelli,9223,I JUST WANNA STOP
Glenn Medeiros,4597,NOTHING'S GONNA CHANGE MY LOVE FOR YOU
Gloria Estefan,4703,DON'T WANNA LOSE YOU
Gloria Estefan,18768,EVERLASTING LOVE
Gloria Estefan,9114,HERE WE ARE
Gloria Estefan,4957,REACH
Gloria Estefan,9075,WORDS GET IN THE WAY
Gloria Gaynor,18159,I WILL SURVIVE
Gnarls Barkley,18762,CRAZY
Goo Goo Dolls,18267,IRIS
Good Charlotte,18446,HOLD ON
Good Charlotte,18268,I JUST WANNA LIVE
Good Charlotte,18410,PREDICTABLE
Gorillaz,18653,CLINT EASTWOOD
Gorillaz,24230,DARE
Gorillaz,24231,FEEL GOOD INC
Gotye ft. Kimbra,24334,SOMEBODY THAT I USED TO KNOW
Green Day,18089,AMERICAN IDIOT
Green Day,18394,BASKET CASE
Green Day,18269,GOOD RIDDANCE (TIME OF YOUR LIFE)
Green Day,24475,MINORITY
Green Day,5998,WAKE ME UP WHEN SEPTEMBER ENDS
Green Day,24558,WHEN I COME AROUND
Green Day,24235,21 GUNS
Green Day,24233,BOULEVARD OF BROKEN DREAMS
Green Day,24236,HOLIDAY
Grimes,24470,FLESH WHITOUT BLOOD
Grimes,24478,REALITI
Guess Who,4679,AMERICAN WOMAN
Guess Who,5950,NO TIME
Guns N' Roses,18976,CIVIL WAR
Guns N' Roses,18094,DON'T CRY
Guns N' Roses,4930,KNOCKIN' ON HEAVEN'S DOOR
Guns N' Roses,9148,NOVEMBER RAIN
Guns N' Roses,18409,PARADISE CITY
Guns N' Roses,18508,PATIENCE
Guns N' Roses,18146,SWEET CHILD O' MINE
Guns N' Roses,18270,WELCOME TO THE JUNGLE
Guns N' Roses,2639,YOU COULD BE MINE
Gwen Stefani,24392,MAKE ME LIKE YOU
Gwen Stefani,18272,BABY DON'T LIE
Gwen Stefani,18273,COOL
Gwen Stefani,24238,HOLLABACK GIRL
Gwen Stefani,18274,WHAT YOU WAINTING FOR
Gwyneth Paltrow & Huey Lewis,9018,CRUISIN'
Haddaway,18553,I MISS YOU
Haddaway,9237,WHAT IS LOVE
Halestorm,24617,I GET OFF
Halestorm,18674,I MISS THE MISERY
Halestorm,18078,LOVE BITES (SO DO I)
Halsey,24588,BAD AT LOVE
Halsey,24467,COLORS
Halsey,24532,EYES CLOSED
Halsey,24518,HURRICANE
Halsey,24477,NEW AMERICANA
Halsey ft. Lauren Jauregui,24526,STRANGERS
Hank Wiliams,4527,JAMBALAYA
Hannah Montana,5920,IF WE WERE A MOVIE
Hannah Montana,5990,THIS IS THE LIFE
,,Página 19 de 44
,HD-OKÊ!!,
CANTOR,NÚMERO,MÚSICA
Hannah Montana,9995,WHO SAID
Hanson,24620,I WILL COME TO YOU
Hanson,18275,MMM BOP
Hanson,4841,SAVE ME
Hanson,18122,IF ONLY
Harry Styles,24546,SIGN OF THE TIMES
Heart,9088,ALONE
Heart,18519,BARRACUDA
Heart,18977,CRAZY ON YOU
Heart,4827,IF LOOKS COULD KILL
Heart,2617,MAGIC MAN
Heart,2621,NEVER
Heart,18619,THESE DREAMS
Helen Reddy,2593,I AM WOMAN
Helen Reddy,4520,I DON'T KNOW HOW TO LOVE HIM
High School Musical,5878,BREAKING FREE
High School Musical,5900,EVERYDAY
High School Musical,5976,START OF SOMETHING NEW
High School Musical,5978,STICK TO THE STATUS QUO
High School Musical,9994,WHEN THERE WAS ME AND YOU
High School Musical (Sharpay),9997,YOU ARE THE MUSIC IN ME
High School Musical 2,5917,GOTTA GO MY OWN WAY
Hilary Duff,5903,FLY
Hollies,4711,HE AIN'T HEAVY HE'S MY BROTHER
Hoobastank,24596,CRAWLING IN THE DARK
Hoobastank,5989,THE REASON
Hooverphonic,24631,MAD ABOUT YOU
Hozier,24355,TAKE ME TO CHURCH
I Santo California,18944,TORNERÓ
Iggy Azalea,24382,TEAM
Iggy Azalea,24050,WORK (EXPLICIT)
Iggy Azalea ft. Anitta,24528,SWITCH
Iggy Azalea ft. Charli XCX,24051,FANCY
Iggy Azalea ft. Jennifer Hudson,24119,TROUBLE
Iggy Azalea ft. Rita Ora,24049,BLACK WIDOW
Iggy Pop,9210,CANDY
Ill Niño,18276,HOW CAN I LIVE
Imagination,9226,JUST AN ILLUSION
Imagine Dragons,24509,BELIEVER
Imagine Dragons,18550,I BET MY LIFE
Imagine Dragons,24128,ON TOP OF THE WORLD
Imagine Dragons,24153,SHOTS
Imagine Dragons,24552,THUNDER
Imagine Dragons,24146,WARRIORS
Imagine Dragons,24241,DEMONS
Imagine Dragons,24323,IT'S TIME
Imagine Dragons,24324,RADIOACTIVE
Incubus,18535,DRIVE
Incubus,24677,WISH YOU WERE HERE
Inner Circle,24610,GAMES PEOPLE PLAY
Inner Circle,5983,SWEAT (A LA LA LA LA LONG)
INXS,18520,BEAUTIFUL GIRL
INXS,9012,BY MY SIDE
INXS,9266,NEED YOU TONIGHT
INXS,18741,NEVER TEAR US APART
INXS,5947,NEW SENSATION
INXS,9146,NOT ENOUGH TIME
Irene Cara,4577,FAME
Irene Cara,4799,WHAT A FEELING
Iron Maiden,18642,FEAR OF THE DARK
Iron Maiden,18621,THE NUMBER OF THE BEAST
Iron Maiden,18591,THE TROOPER
,,Página 20 de 44
,HD-OKÊ!!,
CANTOR,NÚMERO,MÚSICA
Iron Maiden,2659,WASTING LOVE
J Balvin ft. Anitta,24516,GINZA
J Balvin ft. Willy William,24542,MI GENTE
"J Balvin, Jeon, Anitta",24564,MACHIKA
Jack Johnson,5873,BETTER TOGETHER
Jack Johnson,9246,BREAKDOWN
Jack Johnson,5970,"SITTING, WAITING, WISHING"
Jack Johnson,9279,UPSIDE DOWN
Jackson 5,18082,ABC
Jackson 5,18555,I WANT YOU BACK
Jackson 5,9141,NEVER CAN SAY GOODBYE
Jackson 5,18956,WHO'S LOVING YOU
James Blunt,5909,GOODBYE MY LOVER
James Blunt,9261,HIGH
James Blunt,5963,SAME MISTAKE
James Blunt,9240,YOU'RE BEAUTIFUL
James Brown,4910,(I GOT YOU) I FEEL GOOD
James Brown,18666,GET UP OFFA THAT THING
James Brown,18894,LIVING IN AMERICA
James Brown,18996,PAPA'S GOT A BRAND NEW BAG
James Brown,18999,"SAY IT LOUD, I'M BLACK AND I'M PROUD"
James Brown,18694,SEX MACHINE
James Taylor,4693,CAROLINA IN MY MIND
James Taylor,4702,DON'T LET ME BE LONELY TONIGHT
James Taylor,4707,FIRE AND RAIN
James Taylor,9113,HANDY MAN
James Taylor,4780,SWEET BABY JAMES
James Taylor,4999,YOU'VE GOT A FRIEND
Jamie Cullum,9229,MIND TRICK
Jamiroquai,9233,SEVEN DAYS IN SUNNY JUNE
Jamiroquai,24670,VIRTUAL INSANITY
Janet Jackson,4853,AGAIN
Janet Jackson,24584,ALL FOR YOU
Janet Jackson,18431,LET'S WAIT AWHILE
Janet Jackson,9276,THAT'S THE WAY LOVE GOES
Janet Jackson,18594,TOGETHER AGAIN
Janis Joplin,18978,CRY BABY
Janis Joplin,2625,PIECE OF MY HEART
Janis Joplin,24573,TRY (JUST A LITTLE BIT HARDER)
Jason Aldean,24052,BURNIN' IT DOWN
Jason Derulo,24181,WANT TO WANT ME
Jason Derulo,24054,TRUMPETS
Jason Derulo ft. 2 Chainz,24245,TALK DIRTY
Jason Derulo ft. Snoop Dogg,24053,WIGGLE
Jason Mraz,24189,93 MILLION MILES
Jason Mraz,24497,I WON'T GIVE UP
Jason Mraz,2527,I'M YOURS
Jason Mraz & Colbie Caillat,2532,LUCKY
Jay Sean & Sean Paul,24248,DO YOU REMEMBER
Jennifer Lopez,4828,IF YOU HAD MY LOVE
Jennifer Lopez,18123,I'M GLAD
Jennifer Lopez,4932,LET'S GET LOUD
Jennifer Lopez,2658,WAITING FOR TONIGHT
Jennifer Lopez ft. Lil' Wayne,18278,I'M INTO YOU
Jennifer Lopez ft. Pitbull,18279,DANCE AGAIN
Jennifer Lopez ft. Pitbull,18280,ON THE FLOOR
Jennifer Paige,4880,CRUSH
Jeremih ft. YG,24055,DON'T TELL 'EM
Jermaine Jackson,18845,DO WHAT YOU DO
Jerry Lee Lewis,18668,GREAT BALLS OF FIRE
Jessica Simpson,4918,I WANNA LOVE YOU FOREVER
Jessie J,24209,FLASHLIGHT
,,Página 21 de 44
,HD-OKÊ!!,
CANTOR,NÚMERO,MÚSICA
Jessie J,24025,PRICE TAG
Jessie J,24676,WHO YOU ARE
Jessie J,24253,DO IT LIKE A DUDE
Jessie J,24254,DOMINO
Jessie J,24255,NOBODY'S PERFECT
Jessie J. ft. Ariana Grande and Nicki Minaj,24056,BANG BANG
Jet,5866,ARE YOU GONNA BE MY GIRL
Jim Diamond,18440,I SHOULD HAVE KNOW BETTER
Jim Reeves,4517,HE'LL HAVE TO GO
Jimi Hendrix,18515,ALL ALONG THE WATCHTOWER
Jimi Hendrix,24614,HEY JOE
Jimi Hendrix,18690,PURPLE HAZE
Jimmy Cliff,18984,HARDER THEY COME
Jimmy Cliff,18760,REGGAE NIGHTS
Joan Jett & The Blackhearts,18106,I LOVE ROCK & ROLL
Joe Cocker,4554,UNCHAIN MY HEART
Joe Cocker,18611,WITH A LITTLE HELP FROM MY FRIENDS
Joe Cocker,2559,YOU ARE SO BEAUTIFUL
Joe Cocker & Jennifer Warnes,4846,UP WHERE WE BELONG
Joe Jeffrey & Group,9047,MY PLEDGE OF LOVE
Joe Nichols,24057,YEAH
John Denver,4565,ANNIE'S SONG
John Denver,4550,SUNSHINE ON MY SHOULDERS
John Denver,4607,TAKE ME HOME COUNTRY ROADS
John Denver & Placido Domingo,4753,PERHAPS LOVE
John Legend,24629,LOVE ME NOW
John Legend,24058,ALL OF ME
John Lennon,18081,(JUST LIKE) STARTING OVER
John Lennon,4523,IMAGINE
John Lennon,18558,JEALOUS GUY
John Lennon,4640,LOVE
John Lennon,9228,MIND GAMES
John Lennon,4549,STAND BY ME
John Lennon,4805,WOMAN
John Mayer,24451,WAITING ON THE WORLD TO CHANGE
John Mayer,24259,HEARTBREAK WARFARE
John Newman,24261,LOVE ME AGAIN
John Paul Young,4835,LOVE IS IN THE AIR
John Travolta & Olivia Newton,4776,SUMMER NIGHTS
John Travolta & Olivia Newton,9999,YOU'RE THE ONE THAT I WANT
Johnny Cash,24608,FOLSOM PRISON BLUES
Johnny Cash,24611,GOD'S GONNA CUT YOU DOWN
Johnny Cash,18281,HURT
Johnny Cash,18282,I WALK THE LINE
Johnny Cash,18283,MAN IN BLACK
Johnny Cash,18686,ONE
Johnny Cash,18284,RING OF FIRE
Johnny Hates Jazz,18697,SHATTERED DREAMS
Johnny Horton,4561,ALL FOR THE LOVE OF A GIRL
Johnny Mathis,9082,A CERTAIN SMILE
Johnny Mathis,2575,EVIE
Johnny Mathis,2565,GINA
Johnny Mathis,4594,MISTY
Johnny Nash,2609,I CAN SEE CLEARLY NOW
Johnny Rivers,4699,DO YOU WANNA DANCE
Johnny Rivers,24633,MEMPHIS
Johnny Rivers,9154,POOR SIDE OF TOWN
Johnny Rivers,5967,SECRET AGENT MAN
Jojo,5931,LEAVE (GET OUT)
Jojo,5993,TOO LITLE TOO LATE
Jon Secada,18616,ANGEL
Jon Secada,5921,IF YOU GO
,,Página 22 de 44
,HD-OKÊ!!,
CANTOR,NÚMERO,MÚSICA
Jon Secada,5928,JUST ANOTHER DAY WITHOUT YOU
Jon Secada,18596,TOO LATE TOO SON
Jonas Blue,24490,BY YOUR SIDE
Jonas Brothers,2594,KIDS OF THE FUTURE
Jonas Brothers,2597,WHEN YOU LOOK ME IN THE EYES
Jonny Lang,2649,LIE TO ME
Jordin Sparks & Chris Brown,24263,NO AIR
Joss Stone,24656,SPOILED
Joss Stone,24661,SUPER DUPER LOVE
Journey,18102,DON'T STOP BELIEVIN'
Juan Luis Guerra,3239,ROMANCE ROSA
Judas Priest,18524,BREAKING THE LAW
Judy Garland,9152,OVER THE RAINBOW
Julio Iglesias,4667,CRAZY
Julio Iglesias,19471,MANUELA
Julio Iglesias & Willie Nelson,18593,TO ALL THE GIRLS I'VE LOVED BEFORE
Justin Bieber,24047,AS LONG AS YOU LOVE ME
Justin Bieber,2522,BABY
Justin Bieber,24020,BOYFRIEND
Justin Bieber,24439,I'LL SHOW YOU
Justin Bieber,24440,LOVE YOURSELF
Justin Bieber,24438,SORRY
Justin Bieber,24312,WHAT DO YOU MEAN
Justin Bieber,18387,ONE TIME
Justin Bieber,18218,U SMILE
Justin Bieber & Jayden Smith,24265,NEVER SAY NEVER
Justin Bieber ft. BloodPop,24534,FRIENDS
Justin Bieber ft. Nicki Minaj,18091,BEAUTY AND A BEAT
Justin Timberlake,24414,CAN'T STOP THE FEELING
Justin Timberlake,2510,ROCK YOUR BODY
Justin Timberlake,2629,SEXY BACK
Justin Timberlake,2635,WHAT GOES AROUND COMES AROUND
Justin Timberlake,24059,CRY ME A RIVER
Justin Timberlake,24060,MIRRORS
Justin Timberlake,24268,MY LOVE
Justin Timberlake,18172,TKO
Justin Timberlake ft. Chris Stapleton,24645,SAY SOMETHING
K.D.Lang,9098,CONSTANT CRAVING
Kaiser Chiefs,18473,RUBY
Kansas,18528,CARRY ON MY WAYWARD SON
Kansas,4575,DUST IN THE WIND
Kanye West,24277,STRONGER
Kanye West & T. London & A. Kingdom & Paul McCartney,18084,ALL DAY
Kanye West ft. Paul McCartney,24210,ONLY ONE
Kate Bush,18691,RUNNING UP THAT HILL
Kate Bush,18718,WUTHERING HEIGHTS
Kate Tunstall,9273,SUDDENLY I SEE
Katy Perry,18030,E.T.
Katy Perry,2607,HOT N COLD
Katy Perry,2610,I KISSED A GIRL
Katy Perry,24333,LAST FRIDAY NIGHT
Katy Perry,18799,PART OF ME
Katy Perry,18031,PEACOCK
Katy Perry,18688,PEACOCK
Katy Perry,24415,RISE
Katy Perry,24527,SWISH SWISH
Katy Perry,18072,TEENAGE DREAM
Katy Perry,2637,WAKING UP IN VEGAS
Katy Perry,24086,BIRTHDAY
Katy Perry,24062,DARK HORSE
Katy Perry,18161,FIREWORK
Katy Perry,24061,ROAR
,,Página 23 de 44
,HD-OKÊ!!,
CANTOR,NÚMERO,MÚSICA
Katy Perry,24063,THINKING OF YOU
Katy Perry,24067,THIS IS HOW WE DO
Katy Perry,24068,UNCONDITIONALLY
Katy Perry,24309,WALKING ON AIR
Katy Perry ft. Skip Marley,24511,CHAINED TO THE RHYTHM
Katy Perry ft. Snoop Dogg,24275,CALIFORNIA GIRLS
KC & Sunshine Band,18927,THAT'S THE WAY (I LIKE IT)
KC & The Sunshine Band,4953,PLEASE DON'T GO
KC & The Sunshine Band,9053,"SHAKE, SHAKE, SHAKE (SHAKE YOUR BOOTY)"
Keane,18397,BEDSHAPED
Keane,2573,EVERYBODY'S CHANGING
Keane,9262,IS IT ANY WONDER
Keane,5974,SOMEWHERE ONLY WE KNOW
Keane,2580,THIS IS THE LAST TIME
Kelly Clarkson,9205,BECAUSE OF YOU
Kelly Clarkson,9207,BREAKAWAY
Kelly Clarkson,24356,HEARTBEAT SONG
Kelly Clarkson,24332,STRONGER (WHAT DOESN'T KILL YOU)
Kelly Clarkson,24555,WALK AWAY
Kelly Clarkson,24407,INVINCIBLE
Kenny Chesney,24069,AMERICAN KIDS
Kenny Loggins,4821,FOOTLOOSE
Kenny Loggins,18681,MEET ME HALF WAY
Kenny Rogers,18412,"RUBY, DON'T TAKE YOUR LOVE TO TOWN"
Kenny Rogers,4842,SHE BELIEVES IN ME
Kenny Rogers,18934,THE GAMBLER
Kenny Rogers,5991,THROUGH THE YEARS
Kenny Rogers,18719,YOU AND I
Kenny Rogers & Dolly Parton,2647,ISLANDS IN THE STREAM
Kenny Rogers & Kim Carnes,18714,WHAT ABOUT ME
Kenny Rogers & Sheena Easton,9236,WE'VE GOT TONIGHT
Kesha,18285,DIE YOUNG
Kesha,18286,WE R WHO WE R
Kesha,24281,BLOW
Kesha,24282,TAKE IT OFF
Kesha,24283,TIK TOK
Kesha,24284,YOUR LOVE IS MY DRUG
Kesha ft. 3OH!3,24285,MY FIRST KISS
Kesha ft. Will.I.Am,18287,CRAZY KIDS
Kid Cudi Vs Crookers,24289,DAY N NITE
Kiesza,24070,HIDEAWAY
Kim Carnes,4569,BETTE DAVI'S EYES
Kings of Leon,18032,SEX ON FIRE
Kings of Leon,18598,USE SOMEBODY
Kings of Leon,24486,WASTE A MOMENT
Kiss,2642,DETROIT ROCK CITY
Kiss,9030,FOREVER
Kiss,18863,HEAVEN'S ON FIRE
Kiss,2615,LOVE GUN
Kiss,18288,ROCK AND ROLL ALL NIGHT
Klymaxx,4913,I MISS YOU
Knack,4642,MY SHARONA
Kool & The Gang,4694,CELEBRATION
Kool & The Gang,18652,CHERISH
Kool & The Gang,18665,GET DOWN ON IT
Korn,18645,A.D.I.D.A.S
Korn,18523,BLIND
Korn,18258,COMING UNDONE
Korn,18398,FALLING AWAY FROM ME
Korn,18363,WORD UP!
Korn,24290,FREAK ON A LEASH
Korn,24291,SOMEBODY SOMEONE
,,Página 24 de 44
,HD-OKÊ!!,
CANTOR,NÚMERO,MÚSICA
Kris Kristofferson,4582,HELP ME MAKE IT THROUGH THE NIGHT
Kygo & Maty Noyes,24381,STAY
Kylie Minogue,2581,ALL THE LOVERS
Kylie Minogue,24424,INTO THE BLUE
Kylie Minogue,18192,CAN'T GET YOU OUT OF MY HEAD
La La Land,24503,ANOTHER DAY OF SUN
La La Land,18725,CITY OF STARS
Lacuna Coil,18482,OUR TRUTH
Lady Antebellum,2567,I RUN TO YOU
Lady Antebellum,18887,JUST A KISS
Lady Antebellum,2547,NEED YOU NOW
Lady Antebellum,24071,BARTENDER
Lady Gaga,2571,ALEJANDRO
Lady Gaga,24463,A-YO
Lady Gaga,2551,BAD ROMANCE
Lady Gaga,24357,G.U.Y.
Lady Gaga,18290,JUDAS
Lady Gaga,2518,JUST DANCE
Lady Gaga,18291,LOVE GAME
Lady Gaga,24336,MARRY THE NIGHT
Lady Gaga,24474,MILLION REASONS
Lady Gaga,18683,MONSTER
Lady Gaga,24109,PAPARAZZI
Lady Gaga,18933,PERFECT ILLUSION
Lady Gaga,2509,POKER FACE
Lady Gaga,24530,THE CURE
Lady Gaga,18292,THE EDGE OF GLORY
Lady Gaga,24335,YOU AND I
Lady Gaga,24294,BORN THIS WAY
Lady Gaga ft. Beyoncé,24295,TELEPHONE
Lady Gaga ft. R. Kelly,24325,DO WHAT U WANT
Lana Del Rey,24520,LOVE
Lana Del Rey,24297,BLUE JEANS
Lana Del Rey,18294,DARK PARADISE
Lana Del Rey,24166,HIGH BY THE BEACH
Lana Del Rey,24212,NATIONAL ANTHEM
Lana Del Rey,24298,RIDE
Lana Del Rey,18142,SHADES OF COOL
Lana Del Rey,24072,SUMMERTIME SADNESS
Lana Del Rey,24326,ULTRAVIOLENCE
Lana Del Rey,18293,VIDEO GAMES
Lana Del Rey,24299,WEST COAST
Lana Del Rey,24301,YOUNG AND BEAUTIFUL
Lana Del Rey ft. The Weeknd,24521,LUST FOR LIFE
Lara Fabian,4834,LOVE BY GRACE
Laura Pausini,3572,LA SOLITUDINE
Laura Pausini,18143,STRANI AMORI
Lauryn Hill,18454,DOO WOP (THAT THING)
Lauryn Hill,18453,EVERYTHING IS EVERYTHING
Led Zeppelin,18522,BLACK DOG
Led Zeppelin,18885,IMMIGRANT SONG
Led Zeppelin,18575,ROCK AND ROLL
Led Zeppelin,18931,STAIRWAY TO HEAVEN
Led Zeppelin,18953,WHEN THE LEVEE BREAKS
Led Zeppelin,18608,WHOLE LOTTA LOVE
Led Zeppelin,18214,KASHMIR
Led Zeppelin,18183,ROCK AND ROLL
Lena Horne,5980,STORMY WEATHER
Lenny Kravitz,4854,AGAIN
Lenny Kravitz,18827,AMERICAN WOMAN
Lenny Kravitz,18829,ARE YOU GONNA GO MY WAY
Lenny Kravitz,4874,CAN'T GET YOU OFF MY MIND
,,Página 25 de 44
,HD-OKÊ!!,
CANTOR,NÚMERO,MÚSICA
Lenny Kravitz,9218,FLY AWAY
Leona Lewis,5872,BETTER IN TIME
Leona Lewis,5875,BLEEDING LOVE
Leona Lewis,24385,I AM
Les Miserables,2505,I DREAMED A DREAM
Light Reflections,9060,TELL ME ONCE AGAIN
Lil Wayne ft. Bruno Mars,24303,MIRROR
Lil Wayne ft. Drake,24073,BELIEVE ME
Lil Wayne ft. Static Major,18677,LOLLIPOP
Lily Allen,24304,NOT FAIR
Lily Allen,24306,SMILE
Limp Bizkit,18178,TAKE A LOOK AROUND
Limp Bizkit,18362,BEHIND BLUE EYES
Limp Bizkit,24310,MY WAY
Limp Bizkit,24311,ROLLIN'
Linda Ronstadt,4633,IT'S SO EASY
Lindsay Lohan,18295,CONFESSIONS OF A BROKEN HEART
Linkin Park,24641,BURN IT DOWN
Linkin Park,18538,FAINT
Linkin Park,18543,FROM THE INSIDE
Linkin Park,18792,LEAVE OUT ALL THE REST
Linkin Park,24540,LOST IN THE ECHO
Linkin Park,18995,ONE MORE LIGHT
Linkin Park,24545,ONE STEP CLOSER
Linkin Park,18093,BREAKING THE HABIT
Linkin Park,18190,CASTLE OF GLASS
Linkin Park,18296,CRAWLING
Linkin Park,24315,IN THE END
Linkin Park,24314,NEW DIVIDE
Linkin Park,24316,NUMB
Linkin Park,18033,SOMEWHERE I BELONG
Linkin Park,24317,WHAT I'VE DONE
Linkin Park ft. Kiiara,24517,HEAVY
Lionel Richie,4676,ALL NIGHT LONG
Lionel Richie,4900,HELLO
Lionel Richie,4548,SAY YOU SAY ME
Lionel Richie,4773,STILL
Lionel Richie,4775,STUCK ON YOU
Lionel Richie,2539,TRULY
Lionel Richie And Diana Ross,4514,ENDLESS LOVE
Little Big Town,18758,BETTER MAN
Little Big Town,24106,GIRL CRUSH
Little Mix,24460,BLACK MAGIC
Little Mix,24441,HAIR
Little Mix,24487,SHOUT OUT TO MY EX
Little Mix,24378,LOVE ME LIKE YOU
Little Richard,18449,GOOD GOLLY MISS MOLLY
Little Richard,9264,LONG TALL SALLY
Little River Band,4589,LADY
Live,24626,LIGHTNING CRASHES
Live,24664,THE DOLPHIN'S CRY
Lmfao,24319,SEXY AND I KNOW IT
Lmfao & Lauren Bennett & Goonrock,24318,PARTY ROCK ANTHEM
Lobo,4587,I'D LOVE YOU TO WANT ME
Lorde,24358,ROYALS
Los Del Rio,3368,MACARENA
Los Lobos,9015,COME ON LET'S GO
Los Lonely Boys,18932,HEAVEN
Lou Bega,4837,MAMBO NUMBER FIVE (A LITTLE BIT OF...)
Lou Rawls,18385,YOU'LL NEVER FIND ANOTHER LOVE LIKE MINE
Louis Armstrong,4556,WHAT A WONDERFUL WORLD
Lucio Dalla,20235,CARUSO
,,Página 26 de 44
,HD-OKÊ!!,
CANTOR,NÚMERO,MÚSICA
Luis Fonsi ft. Demi Lovato,24562,ÉCHAME LA CULPA
"Luis Fonsi, Daddy Yankee ft. Justin Bieber",24513,DESPACITO
Luis Miguel,4075,EL DIA QUE ME QUIERAS
Luis Miguel,3919,LA BARCA
Luis Miguel,8082,SOLAMENTE UNA VEZ
Lukas Graham,24397,7 YEARS
Luke Bryan,18069,I SEE YOU
Luke Bryan,24090,ROLLER COASTER
Lulu,4790,TO SIR WITH LOVE
Luther Vandross,24308,NEVER TOO MUCH
Lynyrd Skynyrd,18321,SWEET HOME ALABAMA
M.I.A.,18757,BAD GIRLS (EXPLICIT)
Macklemore & Ryan Lewis & Wanz,24307,THRIFT SHOP
Macy Gray,4917,I TRY
Madonna,9244,BEAUTIFUL STRANGER
Madonna,2584,BORDERLINE
Madonna,18048,CELEBRATION
Madonna,4696,CRAZY FOR YOU
Madonna,4510,DON'T CRY FOR ME ARGENTINA
Madonna,4884,DON'T TELL ME
Madonna,18301,FORBIDDEN LOVE
Madonna,4893,FROZEN
Madonna,18302,GET TOGETHER
Madonna,24215,GHOSTTOWN
Madonna,4902,HOLIDAY
Madonna,18298,HUNG UP
Madonna,18034,LA ISLA BONITA
Madonna,4830,LIKE A PRAYER
Madonna,4535,LIKE A VIRGIN
Madonna,18300,LIVE TO TELL
Madonna,4738,MATERIAL GIRL
Madonna,18299,MILES AWAY
Madonna,18036,PAPA DON'T PREACH
Madonna,18571,PHYSICAL ATTRACTION
Madonna,18907,RAIN
Madonna,4963,SECRET
Madonna,9271,SORRY
Madonna,4972,TAKE A BOW
Madonna,18937,THE POWER OF GOODBYE
Madonna,18186,VOGUE
Madonna,18090,AMERICAN LIFE
Madonna,18174,LIVING FOR LOVE
Madonna,18162,MUSIC
Madonna,18215,YOU'LL SEE
Madonna ft. Pharrell,18303,GIVE IT 2 ME
Magic!,24074,RUDE
Major Lazer & Dj Snake ft. MO,24110,LEAN ON
Major Lazer & Justin Bieber ft. MO,24466,COLD WATER
Malcolm Roberts,2529,LOVE IS ALL
Maluma,24533,FELICES LOS 4
Mamas & The Papas,4505,CALIFORNIA DREAMIN'
Maná,21001,LÁBIOS COMPARTIDOS
Maná,8197,VIVIR SIN AIRE
Maná ft. Santana,8025,CORAZON ESPINADO
Mariah Carey,18465,AGAINST ALL ODDS
Mariah Carey,24599,DON'T FORGET ABOUT US
Mariah Carey,18849,DREAMLOVER
Mariah Carey,2591,HEARTBREAKER
Mariah Carey,4668,HERO
Mariah Carey,4916,I STILL BELIEVE
Mariah Carey,18402,I WANT TO KNOW WHAT LOVE IS
Mariah Carey,4720,I'LL BE THERE
,,Página 27 de 44
,HD-OKÊ!!,
CANTOR,NÚMERO,MÚSICA
Mariah Carey,4740,MY ALL
Mariah Carey,4947,NEVER TOO FAR
Mariah Carey,18747,WE BELONG TOGETHER
Mariah Carey,4558,WITHOUT YOU
Mariah Carey,24302,TOUCH MY BODY
"Mariah Carey ft. Joe, 98 Degrees",18588,THANK GOD I FOUND YOU
Marie Osmond,4600,PAPER ROSES
Marillion,18790,KAYLEIGH
Marina and The Diamonds,24300,HOLLYWOOD
Marina and The Diamonds,18673,I AM NOT A ROBOT
Mark Ronson ft. Bruno Mars,24342,UPTOWN FUNK
Maroon 5,24512,COLD
Maroon 5,18133,MAPS
Maroon 5,18797,ONE MORE NIGHT
Maroon 5,18117,SHE WILL BE LOVED
Maroon 5,24359,SUGAR
Maroon 5,18145,SUNDAY MORNING
Maroon 5,18372,THIS LOVE
Maroon 5,24636,NEVER GONNA LEAVE THIS BED
Maroon 5 ft. Christina Aguilera,24023,MOVES LIKE JAGGER
Maroon 5 ft. Kendrick,24469,DON'T WANNA KNOW
Maroon 5 ft. SZA,24565,WHAT LOVERS DO
Maroon 5 ft. Wiz Khalifa,24331,PAYPHONE
Martha Reeves & The Vandellas,2564,DANCING IN THE STREET
Martin Solveig & Dragonette,24292,HELLO
Marvin Gaye,9035,I HEARD IT THROUGH THE GRAPEVINE
Marvin Gaye,9168,SEXUAL HEALING
Marvin Gaye,18055,STOP LOOK LISTEN (TO YOUR HEART)
Marvin Gaye,4800,WHAT'S GOING ON
Marvin Gaye & Tammy Terrell,18514,AIN'T NO MOUNTAIN HIGH ENOUGH
Matchbox Twenty,4919,IF YOU'RE GONE
Matchbox Twenty,9070,UNWELL
Matt Monro,4662,WALK AWAY
Matthew Fisher,18838,CAN'T YOU FEEL MY LOVE
Maurice Williams & The Zodiacs,5977,STAY
Meat Loaf,18439,I'D DO ANYTHING FOR LOVE
Megadeth,18587,SYMPHONY OF DESTRUCTION
Meghan Trainor,18304,DEAR FUTURE HUSBAND
Meghan Trainor,18305,LIPS ARE MOVIN'
Meghan Trainor,24541,ME TOO
Meghan Trainor,24389,NO
Meghan Trainor,24076,ALL ABOUT THAT BASS
Melanie C,18899,NEVER BE THE SAME AGAIN
Men At Work,2503,DOWN UNDER
Men At Work,9130,IT'S A MISTAKE
Men At Work,9153,OVERKILL
Meredith Brooks,4867,BITCH
Metallica,2586,ENTER SANDMAN
Metallica,18452,FADE TO BLACK
Metallica,24609,FUEL
Metallica,18640,HERO OF THE DAY
Metallica,18037,I DISAPPEAR
Metallica,18306,NOTHING ELSE MATTERS
Metallica,18038,ONE
Metallica,18308,SAD BUT TRUE
Metallica,18307,ST. ANGER
Metallica,18039,THE UNFORGIVEN
Metallica,18749,WHISKEY IN THE JAR
MGMT,18559,KIDS
Michael Bolton,4903,HOW AM I SUPPOSED TO LIVE WITHOUT YOU
Michael Bublé,2574,EVERYTHING
Michael Bublé,2566,HAVEN'T MET YOU YET
,,Página 28 de 44
,HD-OKÊ!!,
CANTOR,NÚMERO,MÚSICA
Michael Bublé,2644,HOLD ON
Michael Bublé,2545,LOST
Michael Jackson,18830,BAD
Michael Jackson,4568,BEAT IT
Michael Jackson,4686,BEN
Michael Jackson,4570,BILLIE JEAN
Michael Jackson,4688,BLACK OR WHITE
Michael Jackson,18727,DIRTY DIANA
Michael Jackson,18103,DON'T STOP TILL YOU GET ENOUGH
Michael Jackson,18777,GOT TO BE THERE
Michael Jackson,4712,HEAL THE WORLD
Michael Jackson,18783,HUMAN NATURE
Michael Jackson,4944,MUSIC AND ME
Michael Jackson,24639,REMEMBER THE TIME
Michael Jackson,4762,ROCK WITH YOU
Michael Jackson,18702,SMOOTH CRIMINAL
Michael Jackson,4784,THE GIRL IS MINE
Michael Jackson,4788,THRILLER
Michael Jackson,2638,YOU ARE NOT ALONE
Michael Jackson,18216,ONE DAY IN YOUR LIFE
Michael Jackson ft. Justin Timberlake,24077,LOVE NEVER FELT SO GOOD
Michael Learns To Rock,18810,THAT'S WHY (YOU GO AWAY)
Michael Sembello,18168,MANIAC
Mick Fleetwood,18966,YOU WEREN'T IN LOVE
Mika,18545,GRACE KELLY
Mike & The Mechanics,18481,OVER MY SHOULDER
Mike Reno & Ann Wilson,18647,ALMOST PARADISE
"Mike Will Made-It ft. Miley Cyrus, Wiz Khalifa, Juicy J",18750,23
Miley Cyrus,24027,THE CLIMB
Miley Cyrus,24288,PARTY IN THE USA
Miley Cyrus,24327,WE CAN'T STOP
Miley Cyrus,24360,WRECKING BALL
Milli Vanilli,18667,GIRL I'M GONNA MISS YOU
Minnie Riperton,2519,LOVING YOU
Miranda Lambert & Carrie Underwood,24078,SOMETHING BAD
Missy Elliot,18309,WORK IT
Mitch Miller,4560,YOU ARE MY SUNSHINE
Monaco,18070,WHAT DO YOU WANT FROM ME
Moody Blues,4625,FOR MY LADY
Morris Albert,4515,FEELINGS
Morris Albert,9054,SHE'S MY GIRL
Mötley Crue,18534,DR. FEELGOOD
Mötley Crue,18444,HOME SWEET HOME
Motörhead,18513,ACE OF SPADES
Mr. Big,2632,TO BE WITH YOU
Mr. Mister,4871,BROKEN WINGS
Mr. Probz,24280,WAVES (ROBIN SCHULZ REMIX)
Mumford & Sons,24239,BELIEVE
Muse,18179,INVINCIBLE
Muse,18310,MADNESS
Muse,18176,SUPERMASSIVE BLACK HOLE
Muse,24278,UPRISING
My Chemical Romance,24621,I'M NOT OKAY (I PROMISE)
My Chemical Romance,18821,WELCOME TO THE BLACK PARADE
My Chemical Romance,18040,HELENA
My Chemical Romance,24276,TEENAGERS
My Chemical Romance,18149,THE GHOST OF YOU
N' Sync,4826,I WANT YOU BACK
N' Sync,18905,POP
N' Sync,18095,BYE BYE BYE
N' Sync,18380,GONE
Nat King Cole,4555,UNFORGETTABLE
,,Página 29 de 44
,HD-OKÊ!!,
CANTOR,NÚMERO,MÚSICA
Nat King Cole And Natalie Cole,4802,WHEN I FALL IN LOVE
Natalie Imbruglia,2657,TORN
Natalie La Rose feat. Jeremih,24240,SOMEBODY
Nazareth,18546,HAIR OF THE DOG
Nazareth,4734,LOVE HURTS
Neil Diamond,18864,HELLO AGAIN
Neil Diamond,18871,"I AM, I SAID"
Neil Diamond,18904,PLAY ME
Neil Diamond,18920,SONG SUNG BLUE
Neil Diamond,2655,SWEET CAROLINE
Neil Sedaka,9011,BREAKING UP IS HARD TO DO
Neil Sedaka,9267,OH CAROL
Neil Sedaka,9998,YOU MEAN EVERYTHING TO ME
Neil Young,18469,OLD MAN
Nelly,24273,GRILLZ
Nelly,24272,JUST A DREAM
Nelly ft. Kelly Rowland,18099,DILEMMA
Nelly Furtado,18035,I'M LIKE A BIRD
Nelly Furtado,5958,PROMISCOUS GIRL
Nelly Furtado,5966,SAY IT RIGHT
Nelly Furtado,5996,TRY
New Kids On The Block,18438,I'LL BE LOVING YOU
New Kids On The Block,18479,PLEASE DON'T GO GIRL
New Order,18021,BIZARRE LOVE TRIANGLE
New Order,18087,BLUE MONDAY
New Order,18746,TRUE FAITH
New Radicals,18415,SOMEDAY WE'LL KNOW
New Radicals,18169,YOU GET WHAT YOU GIVE
Ne-Yo,24271,LET ME LOVE YOU
Ne-Yo,24270,MISS INDEPENDENT
Ne-Yo,5973,SO SICK
Nick Jonas,24361,JEALOUS
Nick Jonas,24375,LEVELS
Nick Jonas ft. Tove Lo,24402,CLOSE
Nickelback,18782,HOW YOU REMIND ME
Nickelback,18391,NEVER AGAIN
Nickelback,18389,SOMEDAY
Nickelback,24267,FAR AWAY
Nickelback,24266,PHOTOGRAPH
Nickelback,24264,ROCKSTAR
Nicki Minaj,24079,ANACONDA
Nicki Minaj,24080,PILLS N POTIONS (EXPLICIT)
Nicki Minaj,18312,POUND THE ALARM
Nicki Minaj,24262,STARSHIPS
Nicki Minaj,24260,SUPER BASS
Nico & Vinz,24045,AM I WRONG
Nicolette Larson,18679,LOTTA LOVE
Nightwish,2620,NEMO
Nightwish,18071,SLEEPING SUN
Nikka Costa,4748,ON MY OWN
Nirvana,18751,ABOUT A GIRL
Nirvana,9211,COME AS YOU ARE
Nirvana,18548,HEART SHAPED BOX
Nirvana,18367,LITHIUM
Nirvana,18742,RAPE ME
Nirvana,18313,SMELLS LIKE TEEN SPIRIT
Nirvana,18175,MAN WHO SOLD THE WORLD
No Doubt,4883,DON'T SPEAK
No Doubt,18730,EX-GIRLFRIEND
No Doubt,18314,HEY BABY
No Doubt,18509,IT'S MY LIFE
No Doubt,18111,JUST A GIRL
,,Página 30 de 44
,HD-OKÊ!!,
CANTOR,NÚMERO,MÚSICA
Noel,18806,SILENT MORNING
Norah Jones,5885,COME AWAY WITH ME
Norah Jones,5893,DON'T KNOW WHY
Norah Jones,9992,WHAT AM I TO YOU
Norah Jones ft. Dolly Parton,18657,CREEPIN' IN
Oasis,5892,DON'T GO AWAY
Oasis,18451,GO LET IT OUT
Oasis,18860,HALT THE WORLD AWAY
Oasis,4994,WONDERWALL
Oasis,18373,CHAMPAGNE SUPERNOVA
Oasis,18219,DON'T LOOK BACK IN ANGER
Oasis,5979,STOP CRYING YOUR HEART OUT
Of Monsters & Men,24388,LITTLE TALKS
Offspring,4990,WHY DON'T YOU GET A JOB?
Offspring,18364,"YOU'RE GONNA GO FAR, KID"
Offspring,18315,COME OUT AND PLAY
Offspring,24258,DEFY YOU
Offspring,18392,HIT THAT
Offspring,24251,ORIGINAL PRANKSTER
Offspring,24122,PRETTY FLY (FOR A WHITE GUY)
Offspring,24257,THE KIDS AREN'T ALRIGHT
Offspring (The),24650,SELF ESTEEM
Olivia Newton-John,4630,HAVE YOU NEVER BEEN MELLOW
Olivia Newton-John,9034,HOPELESSLY DEVOTED TO YOU
Olivia Newton-John,9118,I HONESTLY LOVE YOU
Olivia Newton-John,4638,LET ME BE THERE
Olivia Newton-John,18638,MAGIC
Olivia Newton-John,4754,PHYSICAL
Olivia Newton-John,18634,XANADU
Olly Murs ft. Flo Rida,24247,TROUBLEMAKER
OMC,18443,HOW BIZARRE
Omi,24098,CHEERLEADER (FELIX JAEHN REMIX)
One Direction,24458,DRAG ME DOWN
One Direction,24442,PERFECT
One Direction,24246,BEST SONG EVER
One Direction,24362,NIGHT CHANGES
One Direction,24279,STEAL MY GIRL
One Direction,24363,STORY OF MY LIFE
One Direction,18206,YOU AND I
OneRepublic,24137,APOLOGIZE
OneRepublic,24082,COUNTING STARS
OneRepublic,24461,WHEREVER I GO
Otis Redding,9269,(SITTIN' ON) THE DOCK OF THE BAY
O-Town,4856,ALL OR NOTHING
OutKast,18116,HEY YA!
Owl City,24243,FIREFLIES
Ozzy Osbourne,18041,"MAMA, I'M COMING HOME"
P.O.D.,18317,ALIVE
P.O.D.,18109,GOODBYE FOR NOW
P.O.D.,18316,YOUTH OF THE NATION
Paloma Faith,18468,ONLY LOVE CAN HURT LIKE THIS
Panic! At The Disco,18163,I WRITE SINS NOT TRAGEDIES
Panic! At the Disco,24237,THE BALLAD OF MONA LISA
Pantera,18530,CEMETERY GATES
Pantera,18533,COWBOYS FROM HELL
Pantera,18556,I'M BROKEN
Pantera,18599,WALK
Papa Roach,18497,SCARS
Papa Roach,18636,SHE LOVES ME NOT
Papa Roach,24234,LAST RESORT
Paramore,2543,"CRUSH, CRUSH, CRUSH"
Paramore,24531,HARD TIMES
,,Página 31 de 44
,HD-OKÊ!!,
CANTOR,NÚMERO,MÚSICA
Paramore,24638,PART II
Paramore,18171,PLAYING GOD
Paramore,2557,THE ONLY EXCEPTION
Paramore,18381,AIN'T IT FUN
Paramore,24364,DAYDREAMING
Paramore,18318,DECODE
Paramore,18319,MISERY BUSINESS
Paramore,24083,STILL INTO YOU
Paramore,18320,THAT'S WHAT YOU GET
Passenger,18128,LET HER GO
Pat Benatar,2588,FIRE AND ICE
Pat Boone,4536,LOVE LETTERS IN THE SAND
Patrick Hernandez,4690,BORN TO BE ALIVE
Patrick Swayze,4767,SHE'S LIKE THE WIND
Patti Page,4586,I WENT TO YOUR WEDDING
Paul Anka,4620,CRAZY LOVE
Paul Anka,4509,DIANA
Paul Anka,9042,LONELY BOY
Paul Anka,4758,PUPPY LOVE
Paul McCartney,9090,ANOTHER DAY
Paul McCartney,18893,LIVE AND LET DIE
Paul McCartney,4746,NO MORE LONELY NIGHTS
Paul McCartney & Stevie Wonder,4705,EBONY AND IVORY
Paul McCartney & Wings,24589,BAND ON THE RUN
Paul Young,4887,EVERYTIME YOU GO AWAY
Paula Abdul,18743,"RUSH, RUSH"
Paula Cole,18056,WHERE HAVE ALL THE COWBOYS GONE
Peabo Bryson & Celine Dion,4815,BEAUTY AND THE BEAST
Peabo Bryson & Regina Belle,9001,A WHOLE NEW WORLD
Peaches and Herb,9160,REUNITED
Pearl Jam,18083,ALIVE
Pearl Jam,24590,BETTER MAN
Pearl Jam,5874,BLACK
Pearl Jam,18658,DAUGHTER
Pearl Jam,9257,EVEN FLOW
Pearl Jam,5926,JEREMY
Pearl Jam,9132,LAST KISS
Pearl Jam,18386,SOLDIER OF LOVE
Pearl Jam,18246,JUST BREATHE
Pearl Jam,18289,YELLOW LEDBETTER
Peggy Lee,4529,JOHNNY GUITAR
Peppino Di Capri,3830,CHAMPAGNE
Peppino Di Capri,18911,ROBERTA
Percy Sledge,4801,WHEN A MAN LOVES A WOMAN
Perry Como,4564,AND I LOVE YOU SO
Pet Shop Boys,18155,ALWAYS ON MY MIND
Pet Shop Boys,18101,DOMINO DANCING
Pet Shop Boys,18641,GO WEST
Pet Shop Boys,5924,IT'S A SIN
Pet Shop Boys,9991,WEST END GIRLS
Peter Cetera,4894,GLORY OF LOVE
Peter Cetera & Amy Grant,18470,NEXT TIME I FALL IN LOVE
Peter Frampton,9123,I'M IN YOU
Peter Tosh,18891,LEGALIZE IT
"Peter, Paul and Mary",4501,500 MILES
"Peter, Paul and Mary",4648,"PUFF, THE MAGIC DRAGON"
Ph.D.,9225,I WON'T LET YOU DOWN
Pharrell Williams,24084,HAPPY
Pharrell Williams & Miley Cyrus,24232,COME GET IT BAE
Phil Collins,4845,AGAINST ALL ODDS (TAKE A LOOK AT ME NOW)
Phil Collins,4680,ANOTHER DAY IN PARADISE
Phil Collins,18728,DO YOU REMEMBER
,,Página 32 de 44
,HD-OKÊ!!,
CANTOR,NÚMERO,MÚSICA
Phil Collins,18675,IN THE AIR TONIGHT
Phil Collins,4751,ONE MORE NIGHT
Phil Collins,18960,YOU CAN'T HURRY LOVE
Phil Collins,4998,YOU'LL BE IN MY HEART
Philip Bailey & Phil Collins,9024,EASY LOVER
Pholhas,2536,SHE MADE ME CRY
Pink,24416,JUST LIKE FIRE
Pink,18322,SO WHAT
Pink,18324,SOBER
Pink,18164,TRY
Pink,18323,WHO KNEW
Pink & Nate Ruess,24228,JUST GIVE ME A REASON
Pink Floyd,9006,ANOTHER BRICK IN THE WALL
Pink Floyd,18609,WISH YOU WERE HERE
Pink Floyd,18388,COMFORTABLY NUMB
Pitbull,18057,I KNOW YOU WANT ME
Pitbull,24226,HOTEL ROOM SERVICE
Pitbull ft. Christina Aguilera,18326,FEEL THIS MOMENT
Pitbull ft. Kesha,24085,TIMBER
Pitbull ft. Ne-Yo,18327,GIVE ME EVERYTHING
Pitbull ft. Ne-Yo,24242,TIME OF OUR LIVES
Pitbull ft. Shakira,24223,GET IT STARTED
Pixies,18198,HERE COMES YOUR MAN
Placebo,18328,EVERY YOU EVERY ME
Placebo,18477,PURE MOURNING
Platters,5944,MY PRAYER
Platters,4543,ONLY YOU (AND YOU ALONE)
Platters,4769,SMOKE GETS IN YOUR EYES
Platters,4785,THE GREAT PRETENDER
Player,24222,BABY COME BACK
Pointer Sisters,9125,I'M SO EXCITED
Poison,18537,EVERY ROSE HAS IT'S THORN
Poison,18583,SOMETHING TO BELIEVE IN
Poison,24662,TALK DIRTY TO ME
Portishead,18774,GLORY BOX
Portugal. The Man,24604,FEEL IT STILL
Post Malone ft. 21 Savage,24640,ROCKSTAR
Pretenders,9008,BACK ON THE CHAIN GANG
Pretenders,18382,I'LL STAND BY YOU
Prince,18379,KISS
Prince,18573,PURPLE RAIN
Prince,18614,WHEN DOVES CRY
Proclaimers,24217,I'M GONNA BE (500 MILES)
Procol Harum,4666,A WHITER SHADE OF PALE
Puddle of Mudd,18460,BLURRY
Pussycat Dolls,18329,BUTTONS
Pussycat Dolls,18330,DON'T CHA
Pussycat Dolls,18332,I HATE THIS PART
Pussycat Dolls,18331,JAI HO! (YOU ARE MY DESTINY)
Pussycat Dolls,9272,STICKWITU
Queen,18333,ANOTHER ONE BITES THE DUST
Queen,18024,BOHEMIAN RHAPSODY
Queen,9017,CRAZY LITTLE THING CALLED LOVE
Queen,18660,DON'T STOP ME NOW
Queen,5919,I WANT TO BREAK FREE
Queen,4937,LOVE OF MY LIFE
Queen,18334,RADIO GA-GA
Queen,4967,SOMEBODY TO LOVE
Queen,4980,THE SHOW MUST GO ON
Queen,18335,UNDER PREASSURE
Queen,4797,WE ARE THE CHAMPIONS
Queen,4988,WE WILL ROCK YOU
,,Página 33 de 44
,HD-OKÊ!!,
CANTOR,NÚMERO,MÚSICA
Queen,18716,WHO WANTS TO LIVE FOREVER
Queens of the Stone Age,18775,GO WITH THE FLOW
Queens of The Stone Age,18336,LITTLE SISTER
Queens of The Stone Age,18337,NO ONE KNOWS
Queensryche,18551,I DON'T BELIEVE IN LOVE
Queensryche,18581,SILENT LUCIDITY
R.E.M.,4934,LOSING MY RELIGION
R.E.M.,18338,SHINY HAPPY PEOPLE
R.E.M.,18936,THE ONE I LOVE
Radiohead,24417,BURN THE WITCH
Radiohead,18644,CREEP
Radiohead,18165,FAKE PLASTIC TREES
Rage Against The Machine,18837,BULLS ON PARADE
Rage Against The Machine,18339,KILLING IN THE NAME
Rag'n'Bone Man,24536,HUMAN
Ramones,2502,BLITZKRIEG BOP
Ramones,18878,I WANNA BE SEDATED
Ramones,2520,PET SEMATARY
Ramones,18630,SHEENA IS A PUNK ROCKER
Ray Charles,4824,GEORGIA ON MY MIND
Ray Charles,18670,HIT THE ROAD JACK
Ray Charles,4519,I CAN'T STOP LOVING YOU
Ray Charles,24208,I'VE GOTTA WOMAN
Ray Charles,18058,MESS AROUND
Ray Price,4578,FOR THE GOOD TIMES
Reba McEntire,5904,FOR MY BROKEN HEART
Red Hot Chili Peppers,18721,AROUND THE WORLD
Red Hot Chili Peppers,18340,BY THE WAY
Red Hot Chili Peppers,4816,CALIFORNICATION
Red Hot Chili Peppers,18210,CAN'T STOP
Red Hot Chili Peppers,18212,DANI CALIFORNIA
Red Hot Chili Peppers,24459,DARK NECESSITIES
Red Hot Chili Peppers,18341,FORTUNE FADED
Red Hot Chili Peppers,18342,GIVE IT AWAY
Red Hot Chili Peppers,4952,OTHERSIDE
Red Hot Chili Peppers,4962,SCAR TISSUE
Red Hot Chili Peppers,18582,SNOW (HEY OH)
Red Hot Chili Peppers,4986,UNDER THE BRIDGE
Richard Marx,4747,NOW AND FOREVER
Richard Marx,9161,RIGHT HERE WAITING
Rick Astley,9019,CRY FOR HELP
Rick Astley,9142,NEVER GONNA GIVE YOU UP
Rick James,18384,EBONY EYES
Rick James,18194,SUPER FREAK
Ricky Martin,4833,LIVIN' LA VIDA LOCA
Ricky Martin,3574,MARIA
Ricky Martin ft. Meja,4955,PRIVATE EMOTION
Righteous Brothers,4553,UNCHAINED MELODY
Righteous Brothers,4810,YOU'VE LOST THAT LOVIN' FEELIN'
Rihanna,24252,BICH BETTER HAVE MY MONEY
Rihanna,18346,CALIFORNIA KING BED
Rihanna,18343,DISTURBIA
Rihanna,18075,DRUNK ON LOVE
Rihanna,24418,KISS IT BETTER
Rihanna,24498,LOVE ON THE BRAIN
Rihanna,24476,NEEDED ME
Rihanna,18065,ONLY GIRL (IN THE WORLD)
Rihanna,24657,STAY
Rihanna,24244,TOWARDS THE SUN
Rihanna,2633,UNFAITHFUL
Rihanna,18345,WHAT'S MY NAME
Rihanna,18344,WHERE HAVE YOU BEEN
,,Página 34 de 44
,HD-OKÊ!!,
CANTOR,NÚMERO,MÚSICA
Rihanna,24087,DIAMONDS
Rihanna,24205,SHUT UP & DRIVE
Rihanna,24088,TAKE A BOW
Rihanna,24203,UMBRELLA
Rihanna ft. Calvin Harris,24149,WE FOUND LOVE
Rihanna ft. Drake,24379,WORK
Rihanna ft. Kanye West and Paul McCartney,24365,FOUR FIVE SECONDS
Rihanna ft. Ne-Yo,18114,HATE THAT I LOVE YOU
Rise Against,18915,SAVIOR
Rita Coolidge,18187,WE'RE ALL ALONE
Rita Ora ft. Calvin Harris,24089,I WILL NEVER LET YOU DOWN
"Rita Ora ft. Cardi B, Bebe Rexha & Charli XCX",24671,GIRLS
Ritchie Valens,18531,COME ON LET'S GO
Ritchie Valens,4704,DONNA
Ritchie Valens,4531,LA BAMBA
Robbie Williams,9241,ADVERTISING SPACE
Robbie Williams,4859,ANGELS
Robbie Williams,4866,BETTER MAN
Robbie Williams,18824,LOVE MY LIFE
Robbie Williams,4958,ROAD TO MANDALAY
Robbie Williams,18347,ROCK DJ
Robbie Williams,9052,SEXED UP
Robbie Williams & Nicole Kidma,9057,SOMETHIN' STUPID
Roberta Flack,5901,FEEL LIKE MAKING LOVE
Roberta Flack,4530,KILLING ME SOFTLY
Roberta Flack,5986,THE CLOSER I GET TO YOU
Roberta Flack,18144,THE FIRST TIME EVER I SAW YOUR FACE
Roberta Flack & Peabo Bryson,4984,TONIGHT I CELEBRATE MY LOVE
Roberto Leal,1091,BATE O PÉ
Robin Schulz & Francesco Yates,24401,SUGAR
Robin Thicke ft. T.I. & Pharrell,24199,BLURRED LINES
Rockwell,4588,KNIFE
Rod Stewart,24597,DA YA THINK I'M SEXY
Rod Stewart,24612,HAVE I TOLD YOU LATELY
Rod Stewart,5915,I DON'T WANT TO TALK ABOUT IT
Rod Stewart,18129,MAGGIE MAY
Rod Stewart,4840,SAILING
Rod Stewart,9173,SOME GUYS HAVE ALL THE LUCK
Rod Stewart,18393,YOU'RE IN MY HEART
Rolling Stones,4908,(I CAN'T GET NO) SATISFACTION
Rolling Stones,4860,ANGIE
Rolling Stones,4567,AS TEARS GO BY
Rolling Stones,4927,JUMPIN' JACK FLASH
Rolling Stones,18902,PAINT IT BLACK
Rolling Stones,4960,RUBY TUESDAY
Rolling Stones,4991,WILD HORSES
Rolling Stones,18297,MISS YOU
Rolling Stones,18325,SYMPATHY FOR THE DEVIL
Roxette,18844,DANGEROUS
Roxette,5896,DRESSED FOR SUCCESS
Roxette,2587,FADING LIKE A FLOWER
Roxette,4727,IT MUST HAVE BEEN LOVE
Roxette,5927,JOYRIDE
Roxette,4832,LISTEN TO YOUR HEART
Roxette,18740,MILK TOAST AND HONEY
Roxette,4771,SPENDING MY TIME
Roxette,4977,THE LOOK
Roy Orbison,9251,CRYING
Roy Orbison,4645,ONLY THE LONELY
Roy Orbison,4757,PRETTY WOMAN
Roy Orbison,9076,YOU GOT IT
Royal Blood,24163,OUT OF THE BLACK
,,Página 35 de 44
,HD-OKÊ!!,
CANTOR,NÚMERO,MÚSICA
RuPaul,18700,SISSY THAT WALK
Rush,24627,LIMELIGHT
Rush,18595,TOM SAWYER
Rush,24678,WORKING MAN
Sade,9209,BY YOUR SIDE
Sade,9056,SMOOTH OPERATOR
Sam Smith,24553,TOO GOOD AT GOODBYES
Sam Smith,18959,WRITING'S ON THE WALL
Sam Smith,24366,I'M NOT THE ONLY ONE
Sam Smith,24367,LIKE I CAN
Sam Smith,24091,STAY WITH ME
Sam Smith feat. John Legend,24256,LAY ME DOWN
Samantha Mumba,4896,GOTTA TELL YOU
Samantha Sang & Bee Gees,9025,EMOTION
Sandra,9227,MARIA MAGDALENA
Santa Esmeralda,4675,YOU'RE MY EVERYTHING
Santana,18092,BLACK MAGIC WOMAN
Santana,4624,EVIL WAYS
Santana,5956,OYE COMO VA
Santana,9055,SMOOTH
Santana & Michelle Branch,9179,GAME OF LOVE
Santana ft.The Product G&B,4939,MARIA MARIA
Sara Bareilles,24592,BRAVE
Sara Bareilles,18054,LOVE SONG
Savage Garden,4911,I KNEW I LOVED YOU
Savage Garden,24619,I WANT YOU
Savage Garden,18195,TRULY MADLY DEEPLY
SchoolBoy Q,24197,MAN OF THE YEAR
SchoolBoy Q ft. BJ The Chicago Kid,24092,STUDIO
Scorpions,18717,ALWAYS SOMEWHERE
Scorpions,18576,ROCK YOU LIKE A HURRICANE
Scorpions,24651,SEND ME AN ANGEL
Scorpions,18166,STILL LOVING YOU
Scorpions,9996,WIND OF CHANGE
Scott McKenzie,4765,SAN FRANCISCO
Seal,2585,CRAZY
Seal,24606,FLY LIKE AN EAGLE
Seal,18112,KISS FROM A ROSE
Seal,24647,SECRET
Sean Paul,18772,GIVE IT UP TO ME
Sean Paul,18804,SHE DOESN'T ME
Sean Paul,18708,TEMPERATURE
Sean Paul & Alexis Jordan,24193,GOT 2 LUV U
Searchers,4593,LOVE POTION NUMBER NINE
Sebastian Ingrosso ft. Tommy Trash & John Martin,24191,RELOAD
Seether,18365,BREAKDOWN
Seether,18348,DRIVEN UNDER
Seether,18350,FINE AGAIN
Seether,18349,REMEDY
Seether,18351,TRUTH
Seether,18227,WORDS AS WEAPONS
Seether ft. Amy Lee,2562,BROKEN
Selena,24616,I COULD FALL IN LOVE
Selena Gomez,24444,HANDS TO MYSELF
Selena Gomez,24419,KILL EM WITH KINDNESS
Selena Gomez,24456,ME & THE RHYTHM
Selena Gomez,24426,MY DILEMMA 2.0
Selena Gomez,24443,SAME OLD LOVE
Selena Gomez,18352,COME AND GET IT
Selena Gomez,18353,LOVE OU LIKE A LOVE SONG
Selena Gomez,24093,SLOW DOWN
Selena Gomez,24368,THE HEART WANTS WHAT IT WANTS
,,Página 36 de 44
,HD-OKÊ!!,
CANTOR,NÚMERO,MÚSICA
Selena Gomez & The Scene,24425,WHO SAYS
Selena Gomez ft. Marshmello,24566,WOLVES
Semisonic,18458,CLOSING TIME
Semisonic,24649,SECRET SMILE
September,18374,CRY FOR YOU
Sex Pistols,24586,ANARCHY IN THE UK
Sex Pistols,18450,GOD SAVE THE QUEEN
Shaggy & Rayvon,18182,ANGEL
Shakira,2589,GYPSY
Shakira,6149,OJOS ASÍ
Shakira,18712,WAKA WAKA (THIS TIME FOR AFRICA)
Shakira,24187,DARE (LA LA LA)
Shakira,24094,EMPIRE
Shakira,24184,HIPS DON'T LIE
Shakira,18354,"WHENEVER, WHEREVER"
Shakira ft. Maluma,24464,CHANTAJE
Shakira ft. Rihanna,24369,CAN'T REMEMBER TO FORGET YOU
Shania Twain,18764,DON'T
Shania Twain,4822,FROM THIS MOMENT ON
Shania Twain,2646,I'M GONNA GETCHA GOOD
Shania Twain,4838,MAN I FEEL LIKE A WOMAN
Shania Twain,24570,THAT DON'T IMPRESS ME MUCH
Shania Twain,18076,THE WOMAN IN ME
Shania Twain,9080,YOU'RE STILL THE ONE
Shawn Mendes,24492,DON'T BE A FOOL
Shawn Mendes,24488,MERCY
Shawn Mendes,24454,TREAT YOU BETTER
Shawn Mendes,24408,STITCHES
Shawn Mendes & Camila Cabello,24403,I KNOW WHAT YOU DID LAST SUMMER
Sheena Easton,5905,FOR YOUR EYES ONLY
Sheldon Harnick and Jerry Bock,4655,SUNRISE SUNSET
Sheryl Crow,4855,ALL I WANNA DO
Sheryl Crow,24659,STRONG ENOUGH
Shiny Toy Guns,18355,YOU ARE THE ONE
Shocking Blue,18151,VENUS
Sia,24370,ELASTIC HEART
Sia,24097,CHANDELIER
Sia,24387,CHEAP THRILLS
Sia,24482,THE GREATEST
Silentó,24445,WATCH ME (WHIP - NAE NAE)
Silverchair,5865,ANA'S SONG (OPEN FIRE)
Silverchair,18617,TOMORROW
Silverchair,18368,FREAK
Simon & Garfunkel,4571,BRIDGE OVER TROUBLED WATER
Simon & Garfunkel,9066,THE SOUND OF SILENCE
Simple Minds,9023,DON'T YOU FORGET ABOUT ME
Simple Plan,18464,ASTRONAUT
Simple Plan,9268,PERFECT
Simple Plan,18356,SHUT UP
Simple Plan,18357,WELCOME TO MY LIFE
Simply Red,2514,EVERY TIME WE SAY GOODBYE
Simply Red,4901,HOLDING BACK THE YEARS
Simply Red,18577,SAY YOU LOVE ME
Simply Red,24652,SOMETHING GOT ME STARTED
Simply Red,9058,STARS
Simply Red,9078,YOU MAKE ME FEEL BRAND NEW
Sinead O'Connor,9147,NOTHING COMPARES 2 YOU
Sir Mix A-Lot,18213,BABY GOT BACK
Sister Sledge,18951,WE ARE FAMILY
Sixpence None The Richer,18358,KISS ME
Sixpence None The Richer,18620,THERE SHE GOES
Skeeter Davis,4551,THE END OF THE WORLD
,,Página 37 de 44
,HD-OKÊ!!,
CANTOR,NÚMERO,MÚSICA
Skid Row,18510,18 AND LIFE
Skid Row,18185,I REMEMBER YOU
Skrillex and Diplo feat. Justin Bieber,24269,WHERE ARE U NOW
Slayer,18476,RAINING BLOOD
Slipknot,18461,BEFORE I FORGET
Slipknot,18536,DUALITY
Slipknot,18177,PSYCHOSOCIAL
Smash Mouth,2641,ALL STAR
Smash Mouth,18359,WALKIN' ON THE SUN
Smashing Pumpkins,18360,1979
Smashing Pumpkins,18975,BULLET WITH BUTTERFLY WINGS
Smashing Pumpkins,18361,TONIGHT TONIGHT
Smashing Pumpkins,18077,ZERO
Smokie,4639,LIVING NEXT DOOR TO ALICE
Snap,18204,RHYTHM IS A DANCER
Snoop Dog ft. David Guetta,24185,SWEAT
Snow Patrol,18180,OPEN YOUR EYES
Soul Asylum,18375,RUNAWAY TRAIN
Soulja Boy,24178,CRANK THAT
Soulja Boy Tell' Em ft. Sammie,18791,KISS ME THRU THE PHONE
Soundgarden,18484,BLACK HOLE SUN
Soundgarden,24568,SPOONMAN
Soundgarden,18196,FELL ON BLACK DAYS
Spandau Ballet,5955,ONLY WHEN YOU LEAVE
Spandau Ballet,5995,TRUE
Spice Girls,9081,2 BECOME 1
Spice Girls,18859,GOODBYE
Spice Girls,24646,SAY YOU'LL BE THERE
Spice Girls,24655,SPICE UP YOUR LIFE
Spice Girls,24658,STOP
Spice Girls,18943,TOO MUCH
Spice Girls,4847,VIVA FOREVER
Spice Girls,4796,WANNABE
Spice Girls,18119,HOLLER
Spin Doctors,18819,TWO PRINCES
Staind,18436,IT'S BEEN A WHILE
Starship,18693,SARA
Static-X,18590,THE ONLY
Steely Dan,5890,DO IT AGAIN
Stephen Bishop,4726,IT MIGHT BE YOU
Stephen Foster,4542,OH SUSANNA
Steppenwolf,4617,BORN TO BE WILD
Stereophonics,18796,MAYBE TOMORROW
Stereophonics,24175,DAKOTA
Stevie Nicks,18485,EDGE OF SEVENTEEN
Stevie Wonder,2521,ALL IN LOVE IS FAIR
Stevie Wonder,18982,FOR ONCE IN MY LIFE
Stevie Wonder,4522,I JUST CALLED TO SAY I LOVE YOU
Stevie Wonder,4725,ISN'T SHE LOVELY
Stevie Wonder,4741,MY CHERIE AMOUR
Stevie Wonder,18136,OVERJOYED
Stevie Wonder,18059,PART TIME LOVER
Stevie Wonder,18140,RIBBON IN THE SKY
Stevie Wonder,4808,"YESTER-ME, YESTER-YOU, YESTERDAY"
Stevie Wonder,24581,YOU AND I
Stevie Wonder,4809,YOU ARE THE SUNSHINE OF MY LIFE
Sting,18767,ENGLISHMAN IN NEW YORK
Sting,9108,FIELDS OF GOLD
Sting,18785,I CAN'T STOP THINKING ABOUT YOU
Sting,18803,SHAPE OF MY HEART
Sting,9192,WE'LL BE TOGETHER
Stone Sour,18066,THROUGH GLASS
,,Página 38 de 44
,HD-OKÊ!!,
CANTOR,NÚMERO,MÚSICA
Stone Temple Pilots,18437,INTERSTATE LOVE SONG
Stone Temple Pilots,18486,PLUSH
Stone Temple Pilots,18579,SEX TYPE THING
Stone Temple Pilots,18628,SOUR GIRL
Styx,24587,BABE
Sublime,18744,SANTERIA
Sublime,24172,WHAT I GOT
Sugar Ray,24605,FLY
Sugar Ray,18202,EVERY MORNING
Sugar Ray,18203,SOMEDAY
Supergrass,18753,ALRIGHT
Supertramp,4870,BREAKFAST IN AMERICA
Supertramp,9101,DREAMER
Supertramp,4729,IT'S RAINING AGAIN
Supertramp,18798,MY KIND OF LADY
Supertramp,9177,TAKE A LONG WAY HOME
Supertramp,9181,THE LOGICAL SONG
Survivor,18651,BURNING HEART
Survivor,9216,EYE OF THE TIGER
Susan Boyle,24170,I DREAMED A DREAM
Suzanne Vega,4836,LUKA
Swedish House Mafia,24165,DON'T YOU WORRY CHILD
Swing Out Sister,18754,AM I THE SAME GIRL
Swing Out Sister,18836,BREAKOUT
System of A Down,18648,B.Y.O.B.
System of a Down,24615,HYPNOTIZE
System of A Down,18564,LONELY DAY
System of A Down,18487,AERIALS
System of A Down,24161,CHOP SUEY
System of A Down,24159,TOXICITY
t.A.t.U.,18184,ALL ABOUT US
t.A.t.U.,18086,ALL THE THINGS SHE SAID
t.A.t.U.,18062,NOT GONNA GET US
T.I. ft. Iggy Azalea,24099,NO MEDIOCRE
T.I. ft. Rihanna,24157,LIVE YOUR LIFE
Taio Cruz ft. Flo Rida,24179,HANGOVER
Take That,4683,BACK FOR GOOD
Talking Heads,18689,PSYCHO KILLER
Tammy Wynette,4605,STAND BY YOUR MAN
Taylor Dayne,9135,LOVE WILL LEAD YOU BACK
Taylor Swift,24125,BAD BLOOD
Taylor Swift,24539,LOOK WHAT YOU MADE ME DO
Taylor Swift,24286,STYLE
Taylor Swift,24371,22
Taylor Swift,24372,BLANK SPACE
Taylor Swift,24100,I KNEW YOU WERE TROUBLE
Taylor Swift,18488,LOVE STORY
Taylor Swift,24386,OUT OF THE WOODS
Taylor Swift,24101,SHAKE IT OFF
Taylor Swift,24102,YOU BELONG WITH ME
Tears For Fears,18489,EVERYBODY WANT TO RULE THE WORLD
Tears For Fears,18669,HEAD OVER HEELS
Tears For Fears,18490,SHOUT
Tears For Fears,18704,SOWING THE SEEDS OF LOVE
Tears For Fears,4993,WOMAN IN CHAINS
Temple of The Dog,18869,HUNDER STRIKE
Temptations,4596,MY GIRL
Tenacious D,24669,TRIBUTE
Tenacious D,18191,BEELZEBOSS (THE FINAL SHOWDOWN)
Thalia,21004,PIEL MORENA
Thalía,21002,MARIA LA DEL BARRIO
Thalia ft. Fat Joe,18120,I WANT YOU
,,Página 39 de 44
,HD-OKÊ!!,
CANTOR,NÚMERO,MÚSICA
The 1975,24380,THE SOUND
The 5th Dimension,9092,AQUARIUS
The Alan Parsons Project,18880,I WOULDN'T WANT TO BE LIKE YOU
The Archies,4654,"SUGAR, SUGAR"
The Association,9143,NEVER MY LOVE
The Bangles,18948,WALK LIKE NA EGYPTIAN
The Breeders,18459,CANNONBALL
The Calling,18491,WHEREVER YOU WILL GO
The Cardigans,18492,LOVEFOOL
The Cardigans,18569,MY FAVORITE GAME
The Carpenters,18919,SING
The Cars,9255,DRIVE
The Cascades,4649,RHYTHM OF THE RAIN
The Chainsmokers ft. Daya,24468,DON'T LET ME DOWN
The Chainsmokers ft. Halsey,24465,CLOSER
The Chainsmokers ft. Phoebe Ryan,18698,ALL WE KNOW
The Chainsmokers ft. Rozes,24391,ROSES
The Chi-Lites,4949,OH GIRL
The Clash,18985,I FOUGHT THE LAW
The Clash,18563,LONDON CALLING
The Clash,18493,ROCK THE CASBAH
The Clash,18378,SHOULD I STAY OR SHOULD I GO
The Commodores,18685,NIGHTSHIFT
The Corrs,18650,BREATHLESS
The Corrs,18662,DREAMS
The Corrs,2572,EVERYBODY HURTS
The Corrs,9232,RUNAWAY
The Corrs,24578,WHAT CAN I DO
The Cranberries,9040,LINGER
The Cranberries,9048,ODE TO MY FAMILY
The Cranberries,18655,PROMISES
The Cranberries,18692,SALVATION
The Cranberries,5000,ZOMBIE
The Cranberries,18170,DREAMS
The Crests,9270,SIXTEEN CANDLES
The Cure,9010,BOYS DON'T CRY
The Cure,18494,FRIDAY I'M IN LOVE
The Cure,18991,JUST LIKE HEAVEN
The Cure,18205,LULLABY
The Cure,18201,PICTURES OF YOU
The Darkness,18734,I BELIEVE IN A THING CALLED LOVE
The Doors,4869,BREAK ON THROUGH (TO THE OTHER SIDE)
The Doors,4733,LIGHT MY FIRE
The Doors,18793,LOVE HER MADDLY
The Doors,24628,LOVE HER MADLY
The Doors,18495,PEOPLE ARE STRANGE
The Doors,18574,RIDERS ON THE STORM
The Drifters,4547,SAVE THE LAST DANCE FOR ME
The Flamingos,9119,I ONLY HAVE EYES FOR YOU
The Flys,18448,GOT YOU WHERE I WANT YOU
The Fray,18442,HOW TO SAVE A LIFE
The Honeydrippers,9167,SEA OF LOVE
The Housemartins,9248,BUILD
The Human League,18271,DON'T YOU WANT ME
The Impressions,18987,I'M SO PROUD
The Killers,24563,HUMAN
The Killers,18568,MR. BRIGHTSIDE
The Killers,18496,SOMEBODY TOLD ME
The Killers,24551,THE MAN
The Killers,18748,WHEN YOU WERE YOUNG
The Libertines,18097,CAN'T STAND ME NOW
The Manhattans,2504,FOREVER BY YOUR SIDE
,,Página 40 de 44
,HD-OKÊ!!,
CANTOR,NÚMERO,MÚSICA
The Manhattans,24329,KISS AND SAY GOODBYE
The Manhattans,18580,SHINNING STAR
The Marmalade,4839,REFLECTIONS OF MY LIFE
The Marvelettes,4756,PLEASE MR. POSTMAN
The Nixons,18629,SISTER
The Outfield,9096,CLOSER TO ME
The Outfield,18498,YOUR LOVE
The Police,4576,EVERY BREATH YOU TAKE
The Police,9106,EVERY LITTLE THING SHE DOES IS MAGIC
The Police,18433,KING OF PAIN
The Police,4763,ROXANNE
The Police,24151,MESSAGE IN A BOTTLE
The Police,18181,SO LONELY
The Pretenders,18847,DON'T GET ME WRONG
The Pretty Reckless,18429,MAKE ME WANNA DIE
The Raconteurs,18499,"STEADY, AS SHE GOES"
The Rembrandts,2517,I'LL BE THERE FOR YOU
The Ronettes,5871,BE MY BABY
The Sandpipers,21003,GUANTANAMERA
The Smiths,5867,ASK
The Smiths,18500,BIGMOUTH STRIKES AGAIN
The Smiths,18501,HOW SOON IS NOW
The Smiths,18080,THERE IS A LIGHT THAT NEVER GOES ON
The Smiths,18079,THIS CHARMING MAN
The Strokes,2614,LAST NITE
The Strokes,18711,UNDER COVER OF DARKNESS
The Strokes,18720,YOU ONLY LIVE ONCE
The Thing Tings,18624,THAT'S NOT MY NAME
The Turtles,4579,HAPPY TOGETHER
The Wallflowers,2605,HEROES
The Wanted,18517,ALL TIME LOW
The Wanted,24147,CHASING THE SUN
The Wanted,24108,GLAD YOU CAME
The Weeknd,24446,IN THE NIGHT
The Weeknd,24489,STARBOY
The Weeknd,24400,I CAN'T FEEL MY FACE
The Weeknd,24398,THE HILLS
The Weeknd ft. Daft Punk,24496,I FEEL IT COMMING
The Weeknd ft. Daft Punk,24504,PARTY MONSTER
The White Stripes,18502,FELL IN LOVE WITH A GIRL
The White Stripes,18778,HARDEST BUTTON TO BUTTON
The White Stripes,2628,SEVEN NATION ARMY
The Who,18684,MY GENERATION
The Who,18207,WON'T GET FOOLED AGAIN
The Wonders,9061,THAT THING YOU DO
The XX,24452,ANGELS
The XX,24453,CRISTALISED
Thin Lizzy,18709,THE BOYS ARE BACK IN TOWN
Thrice,18503,IMAGINE OF THE INVISIBLE
Tiesto,24140,RED LIGHTS
Tiesto ft. Matthew Koma,24139,WASTED
Tim Moore,2540,YES
"Timbaland ft. Keri Hilson, D.O.E., Sebastian",18815,THE WAY I ARE
Timbaland ft. Nelly Furtado & J. Timberlake,18311,GIVE IT TO ME
Tina Charles,18787,I LOVE TO LOVE
Tina Charles,18964,YOU SET MY HEART ON FIRE
Tina Turner,5957,PRIVATE DANCER
Tina Turner,5969,SIMPLY THE BEST
Tina Turner,9174,STEAMY WINDOWS
Tina Turner,24672,WE DON'T NEED ANOTHER HERO
Tina Turner,9280,WHAT'S LOVE GOT TO DO WITH IT
Tina Turner e Al Green,2648,LET'S STAY TOGETHER
,,Página 41 de 44
,HD-OKÊ!!,
CANTOR,NÚMERO,MÚSICA
Tinashe & Schoolboy Q,24103,2 ON (EXPLICIT)
TLC,18135,NO SCRUBS
TLC,24577,WATERFALLS
Tom Jones,4516,GREEN GREEN GRASS OF HOME
Tom Jones,18988,IT'S NOT UNUSUAL
Tom Jones,18578,SEX BOMB
Tom Jones,4660,TILL
Tommy James,4621,CRIMSON AND CLOVER
Toni Braxton,24593,BREATHE AGAIN
Toni Braxton,24613,HE WASN'T MAN ENOUGH
Toni Braxton,4715,HOW COULD AN ANGEL BREAK MY HEART
Toni Braxton,18872,I DON'T WANT TO
Toni Braxton,4844,SPANISH GUITAR
Toni Braxton,4794,UNBREAK MY HEART
Tony Bennett,18974,BODY AND SOUL
Tony Bennett,4717,I LEFT MY HEART IN SAN FRANCISCO
Tony Bennett,9059,STELLA BY STARLIGHT
Tony Bennett,24135,FLY ME TO THE MOON (IN OTHER WORDS)
Tony Orlando & Dawn,18096,CANDIDA
Tony Orlando & Dawn,9263,KNOCK THREE TIMES
Tony Orlando & Dawn,4611,TIE A YELLOW RIBBON 'ROUND THE OLE OAK TREE
Tool,18420,SOBER
Toploader,9021,DANCING IN THE MOONLIGHT
Tori Amos,18841,CORNFLAKE GIRL
Tori Amos,2563,CRUCIFY
Toto,9202,AFRICA
Toto,18780,HOLD THE LINE
Toto,9122,I'LL BE OVER YOU
Toto,18504,ROSANNA
Tove Lo,24296,TALKING BODY
Tove Lo,24105,HABITS (STAY HIGH)
Tracy Chapman,4813,BABY CAN I HOLD YOU
Tracy Chapman,18981,FAST CAR
Tracy Chapman,18983,GIVE ME ONE REASON
Train,24600,DRIVE BY
Train,4885,DROPS OF JUPITER (TELL ME)
Train,18505,"HEY, SOUL SISTER"
Train,18426,MARRY ME
Travie McCoy ft. Bruno Mars,2583,BILLIONAIRE
Travis,24567,SING
Travis Tritt,9091,ANYMORE
Trey Songz,24130,NA NA
Twenty One Pilots,24455,RIDE
Twenty One Pilots,24394,STRESSED OUT
Twisted Sister,18554,I WANNA ROCK
Twisted Sister,18606,WE'RE NOT GONNA TAKE IT
U.S.A. For Africa,4798,WE ARE THE WORLD
U2,18828,ANGEL OF HARLEM
U2,18506,BEAUTIFUL DAY
U2,4886,ELEVATION
U2,9120,I STILL HAVEN'T FOUND WHAT I'M LOOKING F
U2,5948,NEW YEAR'S DAY
U2,4749,ONE
U2,18637,ORDINARY LOVE
U2,4954,PRIDE (IN THE NAME OF LOVE)
U2,9164,RUNNING TO STAND STILL
U2,18921,STUCK IN A MOMENT YOU CAN'T GET OUT OF
U2,4777,SUNDAY BLOODY SUNDAY
U2,18074,VERTIGO
U2,4804,WITH OR WITHOUT YOU
U2,24560,YOU'RE THE BEST THING ABOUT ME
Ugly Kid Joe,18980,EVERYTHING ABOUT YOU
,,Página 42 de 44
,HD-OKÊ!!,
CANTOR,NÚMERO,MÚSICA
Uncle Kracker,4891,FOLLOW ME
Usher,24104,GOOD KISSER
Usher,18248,SCREAM
Usher ft. Alicia Keys,18134,MY BOO
Usher ft. Juicy J,24287,I DON'T MIND
Usher ft. Pitbull,24120,DJ GOT US FALLING IN LOVE
Van Halen,2513,CAN'T STOP LOVING YOU
Van Halen,5895,DREAMS
Van Halen,4926,JUMP
Van Halen,18507,PANAMA
Van Halen,24643,RUNNIN' WITH THE DEVIL
Van Halen,24580,WHY CAN'T THIS BE LOVE
Van Halen,18610,YOU REALLY GOT ME
Vanessa Carlton,24118,A THOUSAND MILES
Vanessa Hudgens,2548,SAY OK
Vanessa Williams,9166,SAVE THE BEST FOR LAST
Velvet Revolver,18539,FALL TO PIECES
Velvet Underground & Nico,18663,FEMME FATALE
Vengaboys,18832,"BOOM, BOOM, BOOM, BOOM"
Village People,18557,IN THE NAVY
Village People,9043,MACHO MAN
Village People,4848,Y.M.C.A.
Weezer,18277,ISLAND IN THE SUN
Weezer,18413,SAY IT AIN'T SO
Westlife,18121,IF I LET YOU GO
Westlife,24116,WHEN YOU'RE LOOKING LIKE THAT
Wham,4636,LAST CHRISTMAS
Wham!,24576,WAKE ME UP BEFORE YOU GO-GO
Whigfield,18942,THINK OF YOU
Whitesnake,5912,HERE I GO AGAIN
Whitesnake,4724,IS THIS LOVE
Whitney Houston,9086,ALL AT ONCE
Whitney Houston,9100,DIDN'T WE ALMOST HAVE IT ALL
Whitney Houston,18105,EXHALE (SHOOP SHOOP)
Whitney Houston,4897,GREATEST LOVE OF ALL
Whitney Houston,4905,HOW WILL I KNOW
Whitney Houston,9117,I HAVE NOTHING
Whitney Houston,18876,I LOOK TO YOU
Whitney Houston,18879,I WANNA DANCE WITH SOMEBODY
Whitney Houston,4526,I WILL ALWAYS LOVE YOU
Whitney Houston,18435,IT'S NOT RIGTH BUT IT'S OKAY
Whitney Houston,9136,LOVER FOR LIFE
Whitney Houston,24634,MY LOVE IS YOUR LOVE
Whitney Houston,4750,ONE MOMENT IN TIME
Whitney Houston,24644,SAVING ALL MY LOVE FOR YOU
Whitney Houston,4803,WHEN YOU BELIEVE
Whitney Houston,24675,WHERE DO BROKEN HEART GO
Whitney Houston,24679,YOU GIVE GOOD LOVE
Will.I.Am ft. Britney Spears,24373,SCREAM AND SHOUT
Willie Nelson,9003,ALL OF ME
Willie Nelson,4562,ALWAYS ON MY MIND
Willie Nelson,2604,CITY OF NEW ORLEANS
Willie Nelson,18994,ON THE ROAD AGAIN
Willie Nelson & Waylon Jennings,24632,MAMAS DON'T LET YOUR BABIES GROW UP
Wilson Philips,24598,DANIEL
Wilson Pickett,4627,FUNK BROADWAY
Wings,4672,MY LOVE
Wings,18699,SILLY LOVE SONGS
Wiz Khalifa,24113,WE DEM BOYZ (EXPLICIT)
Wiz Khalifa & Snoop Dogg ft. Bruno Mars,18823,"YOUNG, WILD AND FREE"
Wiz Khalifa ft. Charlie Puth,24293,SEE YOU AGAIN
Ylvis,24112,THE FOX (WHAT DOES THE FOX SAY?)
,,Página 43 de 44
,HD-OKÊ!!,
CANTOR,NÚMERO,MÚSICA
Young Rascals,9260,GROOVIN'
Zara Larsson,24508,AIN'T MY FAULT
Zara Larsson,24519,I WOULD LIKE
Zayn,24396,IT'S YOU
Zayn,24390,PILLOWTALK
Zayn & Taylor Swift,24495,I DON'T WANNA LIVE FOREVER
Zedd feat. Selena Gomez,24374,I WANT YOU TO KNOW
Ziggy Marley,24572,TOMORROW PEOPLE
,,Página 44 de 44
